{
"type": "FeatureCollection",
"name": "tracks",
"crs": { "type": "name", "properties": { "name": "urn:ogc:def:crs:OGC:1.3:CRS84" } },
"features": [
{ "type": "Feature", "properties": { "name": "witch_hazel_path_1" }, "geometry": { "type": "MultiLineString", "coordinates": [ [ [ -78.154569715299999, 38.896269528200001 ], [ -78.154569799100003, 38.896269276699996 ], [ -78.154569799100003, 38.896269276699996 ], [ -78.154569715299999, 38.896269276699996 ], [ -78.154569631399994, 38.8962691929 ], [ -78.154569547600005, 38.8962691929 ], [ -78.154569631399994, 38.8962691929 ], [ -78.154569715299999, 38.8962691929 ], [ -78.154569799100003, 38.8962691929 ], [ -78.154569799100003, 38.8962691929 ], [ -78.154569799100003, 38.8962691929 ], [ -78.154569799100003, 38.8962691929 ], [ -78.154569799100003, 38.8962691929 ], [ -78.154569799100003, 38.896269276699996 ], [ -78.154569799100003, 38.896269276699996 ], [ -78.154569715299999, 38.896269276699996 ], [ -78.154569715299999, 38.896269276699996 ], [ -78.154569631399994, 38.896269276699996 ], [ -78.154569715299999, 38.896269444399998 ], [ -78.154569631399994, 38.896269444399998 ], [ -78.154569631399994, 38.896269444399998 ], [ -78.154569547600005, 38.896269444399998 ], [ -78.154569547600005, 38.896269528200001 ], [ -78.154569547600005, 38.896269528200001 ], [ -78.154569547600005, 38.896269528200001 ], [ -78.154569547600005, 38.896269444399998 ], [ -78.154569547600005, 38.896269528200001 ], [ -78.154569463800001, 38.896269612 ], [ -78.154569547600005, 38.896269612 ], [ -78.154569547600005, 38.896269528200001 ], [ -78.154569547600005, 38.896269528200001 ], [ -78.154569715299999, 38.896269528200001 ], [ -78.154569715299999, 38.896269612 ], [ -78.154569799100003, 38.896269528200001 ], [ -78.154569799100003, 38.896269528200001 ], [ -78.154569715299999, 38.896269528200001 ], [ -78.154569715299999, 38.896269612 ], [ -78.154569715299999, 38.896269612 ], [ -78.15456938, 38.896269528200001 ], [ -78.1545691285, 38.896269444399998 ], [ -78.154569044699997, 38.896269360600002 ], [ -78.154569296199995, 38.896269109099997 ], [ -78.154569212300004, 38.896269025300001 ], [ -78.154569212300004, 38.896269025300001 ], [ -78.154569212300004, 38.896269360600002 ], [ -78.154569296199995, 38.896269360600002 ], [ -78.154566781599996, 38.896270701699997 ], [ -78.154564267, 38.896269612 ], [ -78.154562925899995, 38.896267516499996 ], [ -78.154565021400003, 38.896264750500002 ], [ -78.154563680300001, 38.896254357 ], [ -78.154565356700004, 38.8962458074 ], [ -78.154567787399998, 38.8962368388 ], [ -78.154571643099999, 38.896229211200001 ], [ -78.154576756099999, 38.896223679199998 ], [ -78.1545832101, 38.8962187339 ], [ -78.15459067, 38.896213704700003 ], [ -78.154595196200006, 38.896208759399997 ], [ -78.154597794599994, 38.896203897900001 ], [ -78.154598297600003, 38.896200796599999 ], [ -78.154597543199998, 38.896199623100003 ], [ -78.154598213699998, 38.896200293699998 ], [ -78.154598800499997, 38.896199958399997 ], [ -78.154598800499997, 38.896197192400003 ], [ -78.1546008121, 38.896193252899998 ], [ -78.154602320899997, 38.896191157399997 ], [ -78.154604584, 38.896189648700002 ], [ -78.154608104399998, 38.896187469399997 ], [ -78.154609696899996, 38.896185541500003 ], [ -78.154609780800001, 38.896182524 ], [ -78.154611205699993, 38.896177494900002 ], [ -78.154612127700005, 38.896172214300002 ], [ -78.154614642300004, 38.896167185199999 ], [ -78.154612798200006, 38.896162072199999 ], [ -78.154613971700002, 38.8961571269 ], [ -78.154615564300002, 38.896152349200001 ], [ -78.154618497900003, 38.89614732 ], [ -78.154619084700002, 38.896142290900002 ], [ -78.154617827400003, 38.896137094099998 ], [ -78.154617659699994, 38.896131394400001 ], [ -78.154616318600006, 38.896126616700002 ], [ -78.154614223199999, 38.896122174299997 ], [ -78.154612379100001, 38.896117815700002 ], [ -78.154612127700005, 38.896113624800002 ], [ -78.154610116, 38.8961090986 ], [ -78.154610199900006, 38.896103818 ], [ -78.154611876199994, 38.896099627 ], [ -78.154613301200001, 38.896092334800002 ], [ -78.154614055500005, 38.896083785199998 ], [ -78.154615480499999, 38.896077917900001 ], [ -78.154616737699996, 38.8960735593 ], [ -78.154618917, 38.896069619800002 ], [ -78.154619587599996, 38.896066015599999 ], [ -78.154620509599994, 38.896061573200001 ], [ -78.154620761100006, 38.896058304199997 ], [ -78.154620928699998, 38.896054867700002 ], [ -78.154623443299997, 38.896052017800002 ], [ -78.154624532900002, 38.8960490841 ], [ -78.154625203500004, 38.896047575399997 ], [ -78.154625874, 38.896045731400001 ], [ -78.154628556199995, 38.896042378600001 ], [ -78.154632411899996, 38.896039780199999 ], [ -78.154637441, 38.896039277299998 ], [ -78.154643224599994, 38.8960401155 ], [ -78.154648589, 38.896040534599997 ], [ -78.1546552107, 38.8960383553 ], [ -78.154660826500006, 38.8960364275 ], [ -78.1546657719, 38.896033829099999 ], [ -78.154673902300004, 38.896031566 ], [ -78.154680021100006, 38.8960293867 ], [ -78.154682703299997, 38.896027291199999 ], [ -78.154690582300006, 38.896024692799998 ], [ -78.154698545100004, 38.896021926800003 ], [ -78.154705083, 38.896019663700002 ], [ -78.154712459099997, 38.896017316699997 ], [ -78.154721092399996, 38.896015221299997 ], [ -78.154725199599994, 38.896011030300002 ], [ -78.154732324199998, 38.896008934800001 ], [ -78.154738275300005, 38.896007593699998 ], [ -78.154743304500002, 38.896006420299997 ], [ -78.154745819, 38.8960044086 ], [ -78.154746657199993, 38.895999128 ], [ -78.154751602600001, 38.895995691400003 ], [ -78.154756547900007, 38.895993093 ], [ -78.154763756299999, 38.895989824099999 ], [ -78.154763756299999, 38.895985884600002 ], [ -78.154765432700003, 38.895982364200002 ], [ -78.154765013599999, 38.895978424699997 ], [ -78.154764175400004, 38.895974066100003 ], [ -78.154764762100001, 38.8959707972 ], [ -78.154764091600001, 38.895966522400002 ], [ -78.154763085799999, 38.895964426900001 ], [ -78.154761493199999, 38.895960655099998 ], [ -78.154759481499994, 38.895956715600001 ], [ -78.154756799300003, 38.895953949499997 ], [ -78.154753530400001, 38.895950261499998 ], [ -78.154751183499997, 38.895946741099998 ], [ -78.15475001, 38.895943556 ], [ -78.154750177599993, 38.8959394488 ], [ -78.154751099600006, 38.895935509399997 ], [ -78.1547512673, 38.895931318400002 ], [ -78.1547461543, 38.8959264569 ], [ -78.154744561800001, 38.895921595399997 ], [ -78.154741963399999, 38.895916817699998 ], [ -78.154742047200003, 38.895911537099998 ], [ -78.154741376600001, 38.8959055021 ], [ -78.154741544299995, 38.895899718599999 ], [ -78.154740789900004, 38.89589536 ], [ -78.1547407061, 38.895890414699998 ], [ -78.154740957499996, 38.895886223799998 ], [ -78.154745902900004, 38.895882200400003 ], [ -78.154749255599995, 38.895878261 ], [ -78.154751518699996, 38.895873148 ], [ -78.154753278900003, 38.895869124699999 ], [ -78.154754536200002, 38.895863425 ], [ -78.154759230099998, 38.895858060599998 ], [ -78.154760571200001, 38.895853282899999 ], [ -78.154762079899996, 38.895854121100001 ], [ -78.154763421, 38.895851103600002 ], [ -78.154763421, 38.895847583200002 ], [ -78.154763169600002, 38.8958449848 ], [ -78.154763169600002, 38.895842218799999 ], [ -78.154762499, 38.895837776400001 ], [ -78.154761157899998, 38.895834004500003 ], [ -78.154757972799999, 38.895829394499998 ], [ -78.154755290599994, 38.895825455 ], [ -78.154751518699996, 38.895820677300001 ], [ -78.154747244, 38.895817073099998 ], [ -78.154743807399996, 38.895812546800002 ], [ -78.154743975, 38.895808775 ], [ -78.154745651400006, 38.895805086899998 ], [ -78.154752524599999, 38.895805673700004 ], [ -78.154759062500005, 38.895801482700001 ], [ -78.154764846, 38.895798465200002 ], [ -78.154772222, 38.895794190499998 ], [ -78.154778005599994, 38.895790167199998 ], [ -78.154782448, 38.895786479100003 ], [ -78.154782699400002, 38.895781198500003 ], [ -78.154784040500004, 38.895776672300002 ], [ -78.154785800699997, 38.895773990099997 ], [ -78.154785130199997, 38.8957707211 ], [ -78.154785968400006, 38.895767619799997 ], [ -78.154790159300006, 38.895765356699997 ], [ -78.154790410800004, 38.8957612496 ], [ -78.154792338600004, 38.8957577292 ], [ -78.154796026599996, 38.895755298399997 ], [ -78.154799379400004, 38.895753203 ], [ -78.154803318899994, 38.895752281 ], [ -78.154805162900004, 38.895751778 ], [ -78.154809186199998, 38.8957505208 ], [ -78.154811197900003, 38.895747419400003 ], [ -78.1548133772, 38.895742725600002 ], [ -78.154819076899997, 38.895737445 ], [ -78.154826117699997, 38.895731912899997 ], [ -78.154830895399996, 38.895727302899999 ], [ -78.154837684699999, 38.895721854599998 ], [ -78.154842797699999, 38.895715903499998 ], [ -78.154848665, 38.895711125799998 ], [ -78.154854783800005, 38.895706767199997 ], [ -78.1548614055, 38.895701905700001 ], [ -78.154867021399994, 38.895696038399997 ], [ -78.154868613900007, 38.895688829900003 ], [ -78.154870457900003, 38.8956822082 ], [ -78.154875738499996, 38.895677011499998 ], [ -78.154882863200001, 38.895673826299998 ], [ -78.154889401, 38.8956692163 ], [ -78.154894094900001, 38.895663013700002 ], [ -78.154894430200002, 38.895656224299998 ], [ -78.154895184599994, 38.895649686500001 ], [ -78.154896274199999, 38.895643232399998 ], [ -78.154901051899998, 38.895636024 ], [ -78.154905075200006, 38.895627223 ], [ -78.154911026400001, 38.895621271800003 ], [ -78.154909769100001, 38.895615236799998 ], [ -78.154913038, 38.895611632600001 ], [ -78.1549164746, 38.895608531299999 ], [ -78.154920162600007, 38.895604172699997 ], [ -78.154923683, 38.895600317 ], [ -78.154926868199993, 38.8955965452 ], [ -78.154932064899995, 38.895592773300002 ], [ -78.154937177899996, 38.895589085300003 ], [ -78.154940865900002, 38.895585816400001 ], [ -78.1549430452, 38.895583720899999 ], [ -78.154944721600003, 38.895583469400002 ], [ -78.154950337499997, 38.895583804700003 ], [ -78.154955785699997, 38.895584559100001 ], [ -78.154961653100003, 38.895586570699997 ], [ -78.154967771800003, 38.895588163299998 ], [ -78.154974980299997, 38.895581625399998 ], [ -78.154984787100005, 38.895579613700001 ], [ -78.154990989699996, 38.8955784403 ], [ -78.154994845399997, 38.895578607899999 ], [ -78.155002808199995, 38.8955789432 ], [ -78.155007334399997, 38.895577099199997 ], [ -78.155016889799995, 38.895577518300001 ], [ -78.1550285406, 38.8955784403 ], [ -78.155033988900001, 38.895577853500001 ], [ -78.15503994, 38.895575925700001 ], [ -78.155044717699994, 38.895573914099998 ], [ -78.155052512899999, 38.8955713995 ], [ -78.155062235900004, 38.895569387800002 ], [ -78.1550707854, 38.895567627600002 ], [ -78.1550922431, 38.895565280699998 ], [ -78.1551047321, 38.895564945399997 ], [ -78.155114287499998, 38.895564694 ], [ -78.155122250299996, 38.895564945399997 ], [ -78.155130548399995, 38.895565951199998 ], [ -78.155138092100003, 38.895566705599997 ], [ -78.155146054900001, 38.895565364500001 ], [ -78.155155191199995, 38.895561592699998 ], [ -78.155163992200002, 38.895557653200001 ], [ -78.155170446300005, 38.895553043100001 ], [ -78.155177068, 38.895550863799997 ], [ -78.155185533700006, 38.895549690400003 ], [ -78.155193915599995, 38.895547930200003 ], [ -78.155202884199994, 38.895548181599999 ], [ -78.155211936699999, 38.895551450600003 ], [ -78.155218558399994, 38.895552791699998 ], [ -78.155227946099998, 38.895554970900001 ], [ -78.155238172, 38.895554384199997 ], [ -78.155247056899995, 38.895555725299999 ], [ -78.155257701899998, 38.895557066400002 ], [ -78.155266502900005, 38.895558659 ], [ -78.155278489, 38.895560754500003 ], [ -78.155291397100001, 38.895560419200002 ], [ -78.155302712700006, 38.895562263199999 ], [ -78.155312938600005, 38.895561844100001 ], [ -78.155324002699999, 38.895564023399999 ], [ -78.155331797900004, 38.8955648616 ], [ -78.1553400122, 38.8955667894 ], [ -78.155348561699995, 38.895567040899998 ], [ -78.155354596699993, 38.895562263199999 ], [ -78.155350741, 38.895551702 ], [ -78.155356524499993, 38.895549103599997 ], [ -78.1553672533, 38.895544745 ], [ -78.155374042700004, 38.895540470299999 ], [ -78.155382257, 38.895537033700002 ], [ -78.155396170900005, 38.895533848600003 ], [ -78.155405391, 38.895533178 ], [ -78.155415533099998, 38.895532339799999 ], [ -78.155422657700001, 38.895530831099997 ], [ -78.155431374900004, 38.895529909099999 ], [ -78.155435062899997, 38.895524796099998 ], [ -78.155445624099997, 38.895520605100003 ], [ -78.155451659099995, 38.8955187611 ], [ -78.1554578617, 38.895518174400003 ], [ -78.1554649025, 38.895515911300002 ], [ -78.155470015500001, 38.895515408400001 ], [ -78.155479235599998, 38.8955152407 ], [ -78.155488371800004, 38.895514402499998 ], [ -78.155489377699993, 38.895501662 ], [ -78.155491976099995, 38.895496213800001 ], [ -78.155493568599994, 38.895492190500001 ], [ -78.155493568599994, 38.895487580400001 ], [ -78.1554923952, 38.895483221900001 ], [ -78.15548921, 38.895478528 ], [ -78.155489713, 38.895474001799997 ], [ -78.155493820100006, 38.895469894599998 ], [ -78.155499436, 38.895466709499999 ], [ -78.155503962200001, 38.895461177500003 ], [ -78.155513266100002, 38.895459668699999 ], [ -78.155521061300007, 38.895458914300001 ], [ -78.155526844799994, 38.895455896900003 ], [ -78.155529694600006, 38.895452208800002 ], [ -78.155530700499995, 38.895447263500003 ], [ -78.155529946100003, 38.895441060899998 ], [ -78.155532795900001, 38.895436115599999 ], [ -78.1555404235, 38.8954330981 ], [ -78.155547715699996, 38.895430499699998 ], [ -78.155555678499994, 38.895427063100001 ], [ -78.155564731, 38.895423961799999 ], [ -78.155575459800005, 38.895422201599999 ], [ -78.155588787, 38.895419519400001 ], [ -78.155599432100004, 38.895417675399997 ], [ -78.155610077099993, 38.895415747500003 ], [ -78.155617453199994, 38.895410634599997 ], [ -78.155622985199997, 38.8954049349 ], [ -78.155627511399999, 38.895398816099998 ], [ -78.155635055199994, 38.895393535499998 ], [ -78.155645113399999, 38.895391607699999 ], [ -78.155653243900005, 38.895391272399998 ], [ -78.155663972699998, 38.895390098900002 ], [ -78.155669672399995, 38.895388506400003 ], [ -78.155675958800003, 38.895387919599997 ], [ -78.155682161499996, 38.895386410900002 ], [ -78.155692219700001, 38.895385153600003 ], [ -78.155698757600007, 38.895381884599999 ], [ -78.155707055700006, 38.895378615699997 ], [ -78.155710911400007, 38.895375598199998 ], [ -78.155715186099997, 38.895372329300002 ], [ -78.155718874200005, 38.895370904399996 ], [ -78.155721891699997, 38.895370401400001 ], [ -78.155724071, 38.895369647099997 ], [ -78.155725076799996, 38.895368892699999 ], [ -78.155725412099997, 38.895368725099999 ], [ -78.155726250300006, 38.895369060299998 ], [ -78.155729267699996, 38.895370401400001 ], [ -78.155731782299995, 38.895371407299997 ], [ -78.1557325367, 38.895371742499997 ], [ -78.155732955800005, 38.895371155799999 ], [ -78.1557325367, 38.895371742499997 ], [ -78.155731279400001, 38.895372664600004 ], [ -78.155730776499993, 38.895374173299999 ], [ -78.155732955800005, 38.895377861299998 ], [ -78.155736140900004, 38.8953822199 ], [ -78.155742008199994, 38.895384986 ], [ -78.155749552, 38.895384902099998 ], [ -78.155756760399996, 38.895385991799998 ], [ -78.155763130599993, 38.895388003400001 ], [ -78.155769417100004, 38.895390182699998 ], [ -78.155776457900004, 38.895391188600001 ], [ -78.155783833900003, 38.895392864900003 ], [ -78.1557895336, 38.895395547200003 ], [ -78.155795317100001, 38.8953980617 ], [ -78.155799591900006, 38.895400660100002 ], [ -78.155803950500001, 38.895402420300002 ], [ -78.155810991300001, 38.895405773100002 ], [ -78.155818032100001, 38.895407449499999 ], [ -78.155829599100002, 38.895409796400003 ], [ -78.155839489800002, 38.895411724200002 ], [ -78.155848793700002, 38.895412394799997 ], [ -78.155857678499999, 38.895413652099997 ], [ -78.155864719299998, 38.895412730099999 ], [ -78.155872514500004, 38.895411305099998 ], [ -78.155880058199998, 38.895410047799999 ], [ -78.155887350399993, 38.895410634599997 ], [ -78.155893720700007, 38.895411891899997 ], [ -78.155897744, 38.895411891899997 ], [ -78.155899839499995, 38.895412981500002 ], [ -78.155905706799999, 38.895412478600001 ], [ -78.155913585799993, 38.895412730099999 ], [ -78.155917944400002, 38.895412813900002 ], [ -78.155921632399995, 38.895411640399999 ], [ -78.155926242500001, 38.895412478600001 ], [ -78.155931439300005, 38.895414657899998 ], [ -78.155934456699995, 38.895416921 ], [ -78.155939234399995, 38.895419603199997 ], [ -78.155943760599996, 38.895421112 ], [ -78.155949041200003, 38.895423542700001 ], [ -78.155953148400002, 38.895424632400001 ], [ -78.155957926100001, 38.895427314599999 ], [ -78.155960440599998, 38.895428739499998 ], [ -78.155963961, 38.895436283199999 ], [ -78.155966140299995, 38.895441396199999 ], [ -78.155971337099999, 38.89544609 ], [ -78.155978294099995, 38.895450867699999 ], [ -78.155987849499994, 38.895455226300001 ], [ -78.155996566599995, 38.895459752500003 ], [ -78.156001344299995, 38.895464027300001 ], [ -78.156007044, 38.895469140300001 ], [ -78.156012743700003, 38.895475007599998 ], [ -78.156016347900007, 38.895479617600003 ], [ -78.156021209399995, 38.895484479099999 ], [ -78.156024729799995, 38.895489005400002 ], [ -78.15602649, 38.895490430300001 ], [ -78.156026573899993, 38.895493950700001 ], [ -78.156028250199995, 38.895498309300002 ], [ -78.156028753100003, 38.895506104500001 ], [ -78.156029675200003, 38.895512726200003 ], [ -78.156032860300002, 38.8955198508 ], [ -78.156034704299998, 38.895525718099996 ], [ -78.156040739299996, 38.895533597099998 ], [ -78.156046439, 38.895536530800001 ], [ -78.156051635699995, 38.895536698400001 ], [ -78.156063957100002, 38.8955379557 ], [ -78.156072003800006, 38.8955386262 ], [ -78.1560789607, 38.8955403864 ], [ -78.156087175, 38.895543068599999 ], [ -78.1560930423, 38.895546253799999 ], [ -78.156095389300006, 38.895552121100003 ], [ -78.156099328799996, 38.895557401700003 ], [ -78.156102430100006, 38.895560167699998 ], [ -78.156104190299999, 38.895561341200001 ], [ -78.156105615200005, 38.895560586800002 ], [ -78.156104274100002, 38.895559161900003 ], [ -78.156098993499995, 38.895556815 ], [ -78.156093712900002, 38.895553629799998 ], [ -78.156090024899996, 38.895551869599998 ], [ -78.156086336800001, 38.895551115300002 ], [ -78.156080804799998, 38.895549690400003 ], [ -78.1560763624, 38.8955502771 ], [ -78.156071165599997, 38.895550528500003 ], [ -78.156067309899996, 38.895552121100003 ], [ -78.156067058399998, 38.8955522049 ], [ -78.156067645199997, 38.8955537975 ], [ -78.156070746500006, 38.895555809100003 ], [ -78.156071836099997, 38.895556479699998 ], [ -78.156072003800006, 38.895556647299998 ], [ -78.1560719199, 38.895556563500001 ], [ -78.156072339, 38.895555306200002 ], [ -78.156071836099997, 38.895553713699996 ], [ -78.156070830299996, 38.895553126899998 ], [ -78.156070830299996, 38.895552624 ], [ -78.156070662700003, 38.895552624 ], [ -78.156071417, 38.895553294599999 ], [ -78.156071417, 38.895553210800003 ], [ -78.156070243599999, 38.895554048900003 ], [ -78.156069070100003, 38.895555054799999 ], [ -78.156074937400007, 38.895553713699996 ], [ -78.156083989899997, 38.895553881300003 ], [ -78.15609321, 38.8955555577 ], [ -78.156100753700002, 38.895556898800002 ], [ -78.156104274100002, 38.895560922100003 ], [ -78.156108297399996, 38.895563688099998 ], [ -78.156117769, 38.895568298199997 ], [ -78.1561247259, 38.895567711399998 ], [ -78.156131012399996, 38.895563939600002 ], [ -78.156137969300005, 38.895561257399997 ], [ -78.156146518900002, 38.895559497199997 ], [ -78.156153392, 38.8955579884 ], [ -78.156159091700005, 38.895556312099998 ], [ -78.156162025399993, 38.895552288700003 ], [ -78.156162863600002, 38.895549774199999 ], [ -78.1561631151, 38.895549019800001 ], [ -78.156163701799997, 38.895548014 ], [ -78.156166048700001, 38.895546505200002 ], [ -78.156166970699999, 38.895546253799999 ], [ -78.156167557499998, 38.89554617 ], [ -78.156168647100003, 38.895545918499998 ], [ -78.156169066199993, 38.895545834700002 ], [ -78.156168898600001, 38.895545750899998 ], [ -78.156166551599995, 38.895545750899998 ], [ -78.1561727542, 38.895541308399999 ], [ -78.156173257199995, 38.8955398835 ], [ -78.1561743468, 38.895538710099999 ], [ -78.1561756041, 38.895538458600001 ], [ -78.156177364300007, 38.895542984800002 ], [ -78.156178705399995, 38.895544074500002 ], [ -78.156179878900005, 38.895544745 ], [ -78.156180298, 38.895544828799999 ], [ -78.156180968499996, 38.895545247900003 ], [ -78.1561813876, 38.895545750899998 ], [ -78.156181806700005, 38.895545667 ], [ -78.156182812500006, 38.895542565699998 ], [ -78.156184153599995, 38.8955386262 ], [ -78.156185997700007, 38.895535273500002 ], [ -78.156192200299998, 38.895534016200003 ], [ -78.156198486700006, 38.895534267599999 ], [ -78.156207539099995, 38.8955328427 ], [ -78.156214496100006, 38.895529741399997 ], [ -78.156218268, 38.895526640100002 ], [ -78.1562207825, 38.895523455 ], [ -78.156228577700006, 38.8955205213 ], [ -78.156234948, 38.895518425900001 ], [ -78.156242072599994, 38.895516917099997 ], [ -78.156248694300004, 38.8955152407 ], [ -78.156253974899997, 38.895510966 ], [ -78.156260093699998, 38.895505014800001 ], [ -78.156264452299993, 38.895500069500002 ], [ -78.1562697329, 38.895496884400004 ], [ -78.156272582699998, 38.895494705099999 ], [ -78.156274007600004, 38.895494369799998 ], [ -78.156275684, 38.895495962399998 ], [ -78.156278869100007, 38.895499818 ], [ -78.156289681800004, 38.895497219600003 ], [ -78.15629513, 38.8954969682 ], [ -78.156298315200004, 38.895496800499998 ], [ -78.1562998239, 38.895496381400001 ], [ -78.156301751699999, 38.895496297599998 ], [ -78.156304266299998, 38.895496800499998 ], [ -78.1563072, 38.895497806400002 ], [ -78.156307451399996, 38.895498560699998 ], [ -78.156307451399996, 38.895499566600002 ], [ -78.156307116199997, 38.895498979800003 ], [ -78.156306780899996, 38.895498560699998 ], [ -78.156306948500003, 38.895498309300002 ], [ -78.1563072, 38.895497974 ], [ -78.156307367599993, 38.895498476900002 ], [ -78.156307367599993, 38.895498644600004 ], [ -78.156307367599993, 38.895498644600004 ], [ -78.156306864699999, 38.895500320899998 ], [ -78.156309882200006, 38.895498057799998 ], [ -78.156312732, 38.895491939 ], [ -78.156317258300007, 38.895483892400001 ], [ -78.156319940499998, 38.895475510499999 ], [ -78.156318683199999, 38.895466709499999 ], [ -78.156322706500006, 38.895461345100003 ], [ -78.156322371200005, 38.895455058700001 ], [ -78.156322371200005, 38.895449191300003 ], [ -78.1563216168, 38.895444497500002 ], [ -78.156321197699995, 38.895440474200001 ], [ -78.156321113900006, 38.895436450799998 ], [ -78.1563216168, 38.895432595199999 ], [ -78.156319772800003, 38.895427733699997 ], [ -78.156318515500004, 38.8954232074 ], [ -78.156316671499994, 38.895418094500002 ], [ -78.156316252400003, 38.895421782500001 ], [ -78.156315079, 38.8954214472 ], [ -78.156322706500006, 38.895419687 ], [ -78.156324382899996, 38.8954191841 ], [ -78.156326143100003, 38.895419351800001 ], [ -78.156326646, 38.895419519400001 ], [ -78.156326813600003, 38.895419435599997 ], [ -78.156326646, 38.895419351800001 ], [ -78.156326813600003, 38.895419351800001 ], [ -78.156327065100001, 38.895419351800001 ], [ -78.156327148900004, 38.895419351800001 ], [ -78.156327400400002, 38.8954191841 ], [ -78.156327735600001, 38.895419267900003 ], [ -78.156327819500007, 38.895419351800001 ], [ -78.156328070900003, 38.895419100300003 ], [ -78.156328406200004, 38.8954190165 ], [ -78.1563286576, 38.895418681199999 ], [ -78.1563286576, 38.895418848799999 ], [ -78.156329244399998, 38.895418681199999 ], [ -78.156329412, 38.895418681199999 ], [ -78.156329328200002, 38.895418681199999 ], [ -78.156329747300006, 38.895418178299998 ], [ -78.156330334, 38.895418597400003 ], [ -78.156330501699998, 38.895420022300002 ], [ -78.156330669300004, 38.895421112 ], [ -78.156330753099994, 38.8954190165 ], [ -78.156331675100006, 38.895416921 ], [ -78.156334022099998, 38.8954119757 ], [ -78.156337123399993, 38.895407281799997 ], [ -78.156342068699999, 38.89540351 ], [ -78.156348522800002, 38.895400660100002 ], [ -78.156354222399997, 38.895397558799999 ], [ -78.156359503, 38.895394876600001 ], [ -78.156366711499999, 38.895392864900003 ], [ -78.156370734800007, 38.895392026800003 ], [ -78.1563763507, 38.895391272399998 ], [ -78.156379452, 38.895391188600001 ], [ -78.156382720899998, 38.895391356200001 ], [ -78.156388923500003, 38.895390769499997 ], [ -78.156394874699998, 38.895389512199998 ], [ -78.156399149400002, 38.895388757799999 ], [ -78.156402083100005, 38.8953890931 ], [ -78.156403843299998, 38.895389176899997 ], [ -78.156403675700005, 38.8953873329 ], [ -78.156405016799994, 38.895386075600001 ], [ -78.156406022599995, 38.8953850698 ], [ -78.156405938800006, 38.895384986 ], [ -78.156405184400001, 38.8953850698 ], [ -78.156404597700003, 38.895384902099998 ], [ -78.1564045139, 38.895384734499999 ], [ -78.15640443, 38.895384650700002 ], [ -78.156405016799994, 38.895384902099998 ], [ -78.156408788600004, 38.895385908 ], [ -78.156415997099998, 38.895388171100002 ], [ -78.156424714300002, 38.8953908533 ], [ -78.156432593199995, 38.895390937099997 ], [ -78.156438879700005, 38.895387919599997 ], [ -78.156443992600003, 38.895383896299997 ], [ -78.156449189400007, 38.895381717 ], [ -78.156451536299997, 38.895380375899997 ], [ -78.156453631800005, 38.895377609900002 ], [ -78.1564563978, 38.8953734189 ], [ -78.156457906599996, 38.895369563300001 ], [ -78.156460085899994, 38.895367300099998 ], [ -78.156460924100003, 38.895364869399998 ], [ -78.156463857700004, 38.895363025400002 ], [ -78.156465785600005, 38.895360762300001 ], [ -78.156467545799998, 38.895360762300001 ], [ -78.156468132499995, 38.895360091699999 ], [ -78.156469641300006, 38.895358415300002 ], [ -78.156471066199998, 38.895358415300002 ], [ -78.156473580699995, 38.8953575771 ], [ -78.156473999799999, 38.895356738899999 ], [ -78.156472574899993, 38.895357158 ], [ -78.156474921899999, 38.895356655100002 ], [ -78.1564755924, 38.895353218499999 ], [ -78.156474670400002, 38.895348943800002 ], [ -78.156474502799995, 38.895345004299998 ], [ -78.15647576, 38.895337879700001 ], [ -78.156476933500002, 38.895333772500003 ], [ -78.156475424800007, 38.895330419799997 ], [ -78.1564736646, 38.8953271508 ], [ -78.156469976500006, 38.895323881899998 ], [ -78.156467713400005, 38.895319607099999 ], [ -78.156465617899997, 38.895309716500002 ], [ -78.156466037, 38.895304016799997 ], [ -78.156467545799998, 38.8953007478 ], [ -78.156467881099999, 38.895299742 ], [ -78.156469557400001, 38.895299322900001 ], [ -78.156471401499999, 38.89529882 ], [ -78.156472239600006, 38.895298568500003 ], [ -78.156472407300001, 38.895298652400001 ], [ -78.156472323499997, 38.895298652400001 ], [ -78.156472155800003, 38.895298736199997 ], [ -78.156471736699999, 38.895298903799997 ], [ -78.1564708147, 38.895294293799999 ], [ -78.156468970700004, 38.895290102799997 ], [ -78.156464779700002, 38.895286917699998 ], [ -78.156459415300006, 38.895287001500002 ], [ -78.1564579904, 38.895286917699998 ], [ -78.156461427, 38.895287336800003 ], [ -78.156463690099997, 38.895288845499998 ], [ -78.156464528300006, 38.895288258800001 ], [ -78.156464444500003, 38.895285073700002 ], [ -78.156464528300006, 38.895283900199999 ], [ -78.156462516600001, 38.895283900199999 ], [ -78.156459834399996, 38.895283648700001 ], [ -78.156455475800001, 38.895284067799999 ], [ -78.156450865799997, 38.895284486900003 ], [ -78.156446339599995, 38.895284989799997 ], [ -78.156440723700001, 38.895283816400003 ], [ -78.156435191599996, 38.895279457800001 ], [ -78.156430581600006, 38.895276943200003 ], [ -78.156424714300002, 38.895272333199998 ], [ -78.156425720100003, 38.895262861600003 ], [ -78.156424211300006, 38.895258503 ], [ -78.1564221159, 38.895253306299999 ], [ -78.156421026199993, 38.895248360899998 ], [ -78.156421529100001, 38.895246181600001 ], [ -78.156421361499994, 38.895245762499997 ], [ -78.156421193900002, 38.895244505299999 ], [ -78.156419266, 38.895244421400001 ], [ -78.156417505799993, 38.895245343399999 ], [ -78.156416080900001, 38.895246181600001 ], [ -78.156419014600004, 38.895247941800001 ], [ -78.156420104199995, 38.8952485286 ], [ -78.156421026199993, 38.8952491991 ], [ -78.156421529100001, 38.895248612400003 ], [ -78.156421026199993, 38.895247941800001 ] ] ] } },
{ "type": "Feature", "properties": { "name": "firehouse_path_1" }, "geometry": { "type": "MultiLineString", "coordinates": [ [ [ -78.163559055, 38.890706207599997 ], [ -78.163559055, 38.890706291400001 ], [ -78.163559390200007, 38.890706123800001 ], [ -78.163559977, 38.8907057885 ], [ -78.163557881499997, 38.890705537099997 ], [ -78.163553522900003, 38.890704950299998 ], [ -78.163548829, 38.890703441600003 ], [ -78.163544805699999, 38.890701765199999 ], [ -78.163540195699994, 38.890699585900002 ], [ -78.163533238699998, 38.890696400800003 ], [ -78.163529634499994, 38.890693718599998 ], [ -78.1635259464, 38.890684498500001 ], [ -78.163521168800003, 38.8906793855 ], [ -78.16351505, 38.890676284199998 ], [ -78.163507003299998, 38.890672512400002 ], [ -78.163500465499993, 38.890668237600003 ], [ -78.163497028899997, 38.8906628732 ], [ -78.163492502599993, 38.890660358600002 ], [ -78.163491496800006, 38.890657257299999 ], [ -78.163490574799994, 38.890650635599997 ], [ -78.163489988099997, 38.890644935899999 ], [ -78.163488730799997, 38.890642002200003 ], [ -78.163485880899998, 38.89063932 ], [ -78.163481187100004, 38.890637643600002 ], [ -78.163474984499999, 38.890635129099998 ], [ -78.163469033300004, 38.890632530700003 ], [ -78.163463417399996, 38.890629261699999 ], [ -78.163455873700002, 38.890625909 ], [ -78.163450006399998, 38.89062264 ], [ -78.163437852599998, 38.890619538700001 ], [ -78.163431314799993, 38.8906174432 ], [ -78.163425363599998, 38.890616102099997 ], [ -78.163421591700001, 38.890614761 ], [ -78.163418741900003, 38.8906137552 ], [ -78.163416562600005, 38.890613839 ], [ -78.163415556800004, 38.890614090500002 ], [ -78.163414299500005, 38.8906137552 ], [ -78.163414048, 38.890614006699998 ], [ -78.163414550900001, 38.8906148449 ], [ -78.163413796599997, 38.890615347800001 ], [ -78.163411198199995, 38.890615431599997 ], [ -78.163409102700001, 38.890614928700003 ], [ -78.1634080969, 38.8906148449 ], [ -78.163407174900001, 38.890614509599999 ], [ -78.163407091099998, 38.890614174299998 ], [ -78.163406923400004, 38.890613839 ], [ -78.1634068396, 38.890613839 ], [ -78.163406755799997, 38.8906139228 ], [ -78.163406504299999, 38.890614006699998 ], [ -78.163405582300001, 38.890614006699998 ], [ -78.163409857100007, 38.8906137552 ], [ -78.163409354199999, 38.890613336100003 ], [ -78.163408264500006, 38.890614006699998 ], [ -78.163405833799999, 38.890611073 ], [ -78.163403235399997, 38.890609145200003 ], [ -78.163400553200006, 38.890607468799999 ], [ -78.163399295900007, 38.890606965899998 ], [ -78.163398038599993, 38.890604954200001 ], [ -78.163396865099998, 38.890604535100003 ], [ -78.163397116599995, 38.890605708599999 ], [ -78.163394350600001, 38.890605289500002 ], [ -78.163389405199993, 38.890600679400002 ], [ -78.1633869745, 38.890596237 ], [ -78.163382029199994, 38.890595063600003 ], [ -78.1633783411, 38.890592968100002 ], [ -78.163371216499996, 38.890592465200001 ], [ -78.163364678600004, 38.890591375500001 ], [ -78.163363253699998, 38.890592800500002 ], [ -78.163357386399994, 38.890593806299997 ], [ -78.163351267600007, 38.890589531499998 ], [ -78.163345316399997, 38.890586430200003 ], [ -78.163343304799994, 38.890585592 ], [ -78.163338694700002, 38.890582071600001 ], [ -78.163334922900006, 38.8905808982 ], [ -78.163332073, 38.8905796409 ], [ -78.163331234799998, 38.8905799761 ], [ -78.163329809900006, 38.890580227599997 ], [ -78.163328133500002, 38.890579389400003 ], [ -78.163326373299995, 38.890578635 ], [ -78.163322852899995, 38.890577126300002 ], [ -78.163317237, 38.890577796800002 ], [ -78.163312124100003, 38.890575449899998 ], [ -78.163308855099999, 38.890574611700004 ], [ -78.163306089100004, 38.8905729353 ], [ -78.163300389400007, 38.890572683899997 ], [ -78.163299551199998, 38.890571426599998 ], [ -78.163299635100003, 38.890567235600003 ], [ -78.163300473199996, 38.890564721099999 ], [ -78.163300724699994, 38.890563212300002 ], [ -78.163298042500003, 38.890561368299998 ], [ -78.163295276499994, 38.890560278700001 ], [ -78.163294354499996, 38.890555668600001 ], [ -78.163293683899994, 38.8905544952 ], [ -78.163292678100007, 38.890549130700002 ], [ -78.163287229800005, 38.8905458618 ], [ -78.1632803567, 38.890536977 ], [ -78.163276081899994, 38.890534378600002 ], [ -78.163272813, 38.890529265600001 ], [ -78.163268789599996, 38.890527170200002 ], [ -78.163262000299994, 38.890526751099998 ], [ -78.163255127100001, 38.890527002500001 ], [ -78.163248924499996, 38.890525661399998 ], [ -78.163241799900007, 38.890523733599998 ], [ -78.163236016400006, 38.890521721900001 ], [ -78.163230735799999, 38.890519877899997 ], [ -78.163224533199994, 38.890516525099997 ], [ -78.163217576199997, 38.8905143458 ], [ -78.163212379399994, 38.890511998900003 ], [ -78.163208775200005, 38.890510238700003 ], [ -78.163208272299997, 38.890507808 ], [ -78.163205757699998, 38.890506383 ], [ -78.163201902099999, 38.890505209600001 ], [ -78.163196789099999, 38.890504539 ], [ -78.163189496800001, 38.890505461 ], [ -78.163185725, 38.890504371399999 ], [ -78.163182791300002, 38.890504036099998 ], [ -78.163176169600007, 38.890502611199999 ], [ -78.163175834300006, 38.8905002642 ] ], [ [ -78.163174660899998, 38.890499677500003 ], [ -78.163173906500006, 38.890500012799997 ], [ -78.163173236, 38.890500180399997 ], [ -78.163172649200007, 38.8905000966 ], [ -78.163170469899995, 38.890499258399998 ], [ -78.163168793500006, 38.8904994261 ], [ -78.163165859900005, 38.890498839300001 ], [ -78.163165692199996, 38.890498252599997 ], [ -78.163165524600004, 38.890498504 ], [ -78.1631654408, 38.890498252599997 ], [ -78.163165273100006, 38.890498168800001 ], [ -78.163164686399995, 38.8904983364 ], [ -78.163163261500003, 38.890498420199997 ], [ -78.163162171799996, 38.8904965762 ], [ -78.163162758599995, 38.890494480699999 ], [ -78.163159322, 38.890492636700003 ], [ -78.163158567599993, 38.8904925529 ], [ -78.163154125199995, 38.89049205 ], [ -78.1631497666, 38.890492636700003 ], [ -78.163147084399995, 38.890491882299997 ], [ -78.163147168199998, 38.8904930558 ], [ -78.163141803800002, 38.890492636700003 ], [ -78.163137864299998, 38.890495235099998 ], [ -78.163131829400001, 38.890500683299997 ], [ -78.163124704699996, 38.890504371399999 ], [ -78.163115903700003, 38.890509819599998 ], [ -78.163109701099998, 38.890513256200002 ], [ -78.163100983899994, 38.890516357499997 ], [ -78.163091847700002, 38.890520045499997 ], [ -78.163083633400007, 38.890521973399999 ], [ -78.163076173500002, 38.890523733599998 ], [ -78.163062762500005, 38.890521805699997 ], [ -78.163052871800005, 38.8905213866 ], [ -78.163046333899999, 38.890520548399998 ], [ -78.163035856600004, 38.890524655599997 ], [ -78.1630271394, 38.8905284274 ], [ -78.163019595700007, 38.890531109599998 ], [ -78.163012974, 38.890532283100001 ], [ -78.163007022800002, 38.890534294799998 ], [ -78.163001909900004, 38.8905368932 ], [ -78.162997802700005, 38.890539407699997 ], [ -78.162994366099994, 38.890542089900002 ], [ -78.162990678100002, 38.890543431 ], [ -78.162988582599993, 38.890543179600002 ], [ -78.162983469699995, 38.890542592899997 ], [ -78.162983469699995, 38.890543766299999 ], [ -78.162983553499998, 38.890544856 ], [ -78.162982715300004, 38.890545610300002 ], [ -78.162982463800006, 38.890545778 ], [ -78.162983721100005, 38.8905474544 ], [ -78.162985397499995, 38.890548460200002 ], [ -78.162986487200001, 38.890549801299997 ], [ -78.162982715300004, 38.890549046899999 ], [ -78.162977937600004, 38.890551393899997 ], [ -78.162975674500004, 38.890554579 ], [ -78.162975255399999, 38.890554159899999 ], [ -78.162970896800005, 38.890557764100002 ], [ -78.162960251800001, 38.890558602299997 ], [ -78.162951115499993, 38.8905606139 ], [ -78.162940302899997, 38.890562122699997 ], [ -78.162930915100006, 38.890565978399998 ], [ -78.162922868500004, 38.890568157700002 ], [ -78.1629173364, 38.8905720972 ], [ -78.162912391099994, 38.8905756176 ], [ -78.162908703100001, 38.890578551200001 ], [ -78.162906859100005, 38.890581233399999 ], [ -78.1629041769, 38.8905815687 ], [ -78.162901327, 38.890582071600001 ], [ -78.162898141900001, 38.890582826 ], [ -78.162896381699994, 38.890581652500003 ], [ -78.162896297900005, 38.890581652500003 ], [ -78.162895040600006, 38.890581149600003 ], [ -78.162893531799995, 38.890582239300002 ], [ -78.162892274599997, 38.890582406900002 ], [ -78.162891268699994, 38.890583999500002 ], [ -78.162889676199995, 38.890584083299998 ], [ -78.162888167399998, 38.890584083299998 ], [ -78.162887496899998, 38.890584167100002 ], [ -78.162885820499994, 38.890583245099997 ], [ -78.162885820499994, 38.890581149600003 ], [ -78.162883808800004, 38.890578970299998 ], [ -78.162886910099999, 38.890585843499998 ], [ -78.162883473600004, 38.890587184600001 ], [ -78.162881629500006, 38.890589280100002 ], [ -78.162878109100006, 38.890591375500001 ], [ -78.162875175500005, 38.890598667799999 ], [ -78.162875762200002, 38.8906078041 ], [ -78.162875929799995, 38.890612665600003 ], [ -78.162872577100003, 38.890618449100003 ], [ -78.1628638599, 38.8906289265 ], [ -78.162857405799997, 38.890634542299999 ], [ -78.162850113600001, 38.8906399906 ], [ -78.162843827200007, 38.890646444600002 ], [ -78.162834942299995, 38.890652060500003 ], [ -78.162826560400006, 38.890658095500001 ], [ -78.162820441600005, 38.890661364400003 ], [ -78.162815747799996, 38.8906628732 ], [ -78.162815244900003, 38.890661196800004 ] ] ] } },
{ "type": "Feature", "properties": { "name": "grassland_a_path_1" }, "geometry": { "type": "MultiLineString", "coordinates": [ [ [ -78.159884847699999, 38.896273635299998 ], [ -78.159884763899996, 38.896273635299998 ], [ -78.159884763899996, 38.896273719100002 ], [ -78.159884680100006, 38.896273719100002 ], [ -78.159884931500002, 38.896273383900002 ], [ -78.159885685899994, 38.8962725457 ], [ -78.159889541599995, 38.896273886800003 ], [ -78.159892559100001, 38.896275060299999 ], [ -78.159894486900001, 38.896276736600001 ], [ -78.159897336699999, 38.8962813467 ], [ -78.159896833800005, 38.8962866273 ], [ -78.159897085300003, 38.896291069699998 ], [ -78.159898342600002, 38.896294087199998 ], [ -78.159900186599998, 38.896296937 ], [ -78.159900689500006, 38.8962991163 ], [ -78.159903287899994, 38.896301295599997 ], [ -78.159905886299995, 38.896301966199999 ], [ -78.1599104963, 38.896301379400001 ], [ -78.159914938699998, 38.896300289800003 ], [ -78.159919381099996, 38.896299535399997 ], [ -78.159923655900002, 38.896299032500004 ], [ -78.159926841, 38.896298445799999 ], [ -78.159932708400007, 38.896297607599998 ], [ -78.159941760799995, 38.896296350299998 ], [ -78.159945448900004, 38.896299954500002 ], [ -78.15994679, 38.896302552900003 ], [ -78.159944275399994, 38.896305570400003 ], [ -78.159945281199995, 38.896306324800001 ], [ -78.159946622299998, 38.896309090800003 ], [ -78.159946538499995, 38.896311018600002 ], [ -78.159951567600004, 38.896310431899998 ], [ -78.159955255699998, 38.896311521500003 ], [ -78.159955758600006, 38.896311689199997 ], [ -78.159956177699996, 38.896313868500002 ], [ -78.159956932100002, 38.896316299200002 ], [ -78.159957518799999, 38.8963165507 ], [ -78.159956848199997, 38.896315544799997 ], [ -78.159957770299997, 38.896315963900001 ], [ -78.159957602600002, 38.896316466899997 ], [ -78.159960201, 38.896316634500003 ], [ -78.159962464100005, 38.896316802100003 ], [ -78.159963050900004, 38.896316634500003 ], [ -78.1599633023, 38.8963165507 ], [ -78.1599648949, 38.8963172212 ], [ -78.159967241800004, 38.896319400499998 ], [ -78.159969588699994, 38.896321747499996 ], [ -78.159972019500003, 38.896323675300003 ], [ -78.159972773899995, 38.896326776599999 ], [ -78.159977132500003, 38.896329961699998 ], [ -78.159980066100005, 38.896331889599999 ], [ -78.159983838, 38.896333901200002 ], [ -78.159987190699994, 38.896335661400002 ], [ -78.159991130199998, 38.896337086300001 ], [ -78.159989705300006, 38.896341780199997 ], [ -78.159991381699996, 38.896344965300003 ], [ -78.159993141900003, 38.896349491599999 ], [ -78.159992722799998, 38.896355275099999 ], [ -78.159993980099998, 38.896359717499998 ], [ -78.159994315399999, 38.896364914300001 ], [ -78.159994902099996, 38.896369691899999 ], [ -78.159998171, 38.896372709399998 ], [ -78.159999344499994, 38.896376229799998 ], [ -78.159999596, 38.896380672200003 ], [ -78.159996913699999, 38.896385198499999 ], [ -78.159995405, 38.896389305600003 ], [ -78.159995237399997, 38.896392406899999 ], [ -78.159994902099996, 38.896396849299997 ], [ -78.159992890400005, 38.8964002859 ], [ -78.159996410800005, 38.896397603700002 ], [ -78.159997332800003, 38.896397855099998 ], [ -78.159997332800003, 38.896397855099998 ], [ -78.159995153500006, 38.896399699200003 ], [ -78.159993896299994, 38.896403722499997 ], [ -78.159991884600004, 38.896407578100003 ], [ -78.159990375899994, 38.896410595600003 ], [ -78.159987274599999, 38.896413948400003 ], [ -78.159986352499999, 38.896418726100002 ], [ -78.159984424699999, 38.8964231685 ], [ -78.159981994, 38.896425850699998 ], [ -78.159980652900003, 38.896427443299999 ], [ -78.159981407199993, 38.896433142900001 ], [ -78.159980904299999, 38.896434148799997 ], [ -78.159981574900002, 38.896433478200002 ], [ -78.159980485199995, 38.896440016100001 ], [ -78.159979060300003, 38.8964432012 ], [ -78.159980401400006, 38.896447476 ], [ -78.159979982300001, 38.8964530919 ], [ -78.159977216300007, 38.896459462099997 ], [ -78.159973863499999, 38.896464239799997 ], [ -78.159972773899995, 38.896468598399998 ], [ -78.159974115, 38.896472286399998 ], [ -78.159975204600002, 38.896473795200002 ], [ -78.159976378099998, 38.896474465700003 ], [ -78.1599777192, 38.896476728800003 ], [ -78.159974366399993, 38.896477650900003 ], [ -78.159967744699998, 38.896482260900001 ], [ -78.159961877399994, 38.896483853500001 ], [ -78.159956010100004, 38.896487876800002 ], [ -78.159950478, 38.896491481 ], [ -78.159946203199993, 38.896493744099999 ], [ -78.159940755, 38.896497348300002 ], [ -78.1599367317, 38.896502209799998 ], [ -78.1599309482, 38.896507993299998 ], [ -78.159928517400004, 38.896518554499998 ], [ -78.159925332300006, 38.8965245057 ], [ -78.159920638399996, 38.896530373 ], [ -78.159917956200005, 38.896533558100003 ], [ -78.159916698900005, 38.896536072700002 ], [ -78.159916531299999, 38.8965387549 ], [ -78.159918962, 38.896539341699999 ], [ -78.159922063400003, 38.896539928400003 ], [ -78.159922482400006, 38.896539928400003 ], [ -78.159923069200005, 38.896539676899998 ], [ -78.159924158799996, 38.896539593100002 ], [ -78.159924158799996, 38.896539509299998 ], [ -78.159923404500006, 38.896540179799999 ], [ -78.159922733900004, 38.8965405151 ], [ -78.159921309, 38.896540431299996 ], [ -78.159920219300005, 38.8965403475 ], [ -78.159919548800005, 38.896540096 ], [ -78.159919213500004, 38.896539844599999 ], [ -78.159919213500004, 38.896539760800003 ], [ -78.159919045899997, 38.896539425500002 ], [ -78.159918710599996, 38.896539760800003 ], [ -78.159918626800007, 38.896539928400003 ], [ -78.159918543, 38.896540012199999 ], [ -78.159918207700002, 38.896540012199999 ], [ -78.159917872400001, 38.896540096 ], [ -78.159917704799994, 38.896540179799999 ], [ -78.159917453299997, 38.896540096 ], [ -78.159917034200006, 38.896540096 ], [ -78.159916447499995, 38.896539928400003 ], [ -78.159915944600002, 38.896539760800003 ], [ -78.1599156093, 38.896539844599999 ], [ -78.159915357800003, 38.896539844599999 ], [ -78.159915022600003, 38.896539928400003 ], [ -78.159914771100006, 38.896540179799999 ], [ -78.159914268199998, 38.896539928400003 ], [ -78.159913932899997, 38.896539676899998 ], [ -78.159913597599996, 38.896539509299998 ], [ -78.159913178500005, 38.896539509299998 ], [ -78.159912843300006, 38.896539341699999 ], [ -78.159912675599998, 38.896539174 ], [ -78.159912591799994, 38.896539174 ], [ -78.159912424200002, 38.896539174 ], [ -78.159912256499993, 38.896539090200001 ], [ -78.159912340299996, 38.896539006399998 ], [ -78.159912005099997, 38.896538922600001 ], [ -78.159911837400003, 38.8965387549 ], [ -78.159911753599999, 38.896538671099997 ], [ -78.159911837400003, 38.8965387549 ], [ -78.159911837400003, 38.8965385873 ], [ -78.159912172700004, 38.896538838700003 ], [ -78.159912172700004, 38.896538838700003 ], [ -78.159912088900001, 38.896538838700003 ], [ -78.159912172700004, 38.896538838700003 ], [ -78.159912172700004, 38.896538922600001 ], [ -78.159912088900001, 38.896538922600001 ], [ -78.159912256499993, 38.896539006399998 ], [ -78.159912005099997, 38.896538922600001 ], [ -78.159912005099997, 38.896538922600001 ], [ -78.159912088900001, 38.896539006399998 ], [ -78.159912005099997, 38.896539006399998 ], [ -78.159911921200006, 38.896539006399998 ], [ -78.159911837400003, 38.896539090200001 ], [ -78.159911837400003, 38.896539090200001 ], [ -78.159911586, 38.896539090200001 ], [ -78.159910747799998, 38.8965387549 ], [ -78.159910328699993, 38.8965385873 ], [ -78.159909742, 38.896538419599999 ], [ -78.159909490499999, 38.896538335800003 ], [ -78.159909155199998, 38.896538168200003 ], [ -78.159909155199998, 38.896538252 ], [ -78.159908400800006, 38.896537916699998 ], [ -78.159908065600007, 38.896537832900002 ], [ -78.159907814099995, 38.896537749099998 ], [ -78.159907395, 38.896537581499999 ], [ -78.159907059700004, 38.896537497600001 ], [ -78.159906724500004, 38.896537413799997 ], [ -78.159906389200003, 38.89653733 ], [ -78.159905551, 38.896537078500003 ], [ -78.159905048100001, 38.896536910899997 ], [ -78.159904629, 38.8965369947 ], [ -78.159904629, 38.896537413799997 ], [ -78.159904545200007, 38.896536575600003 ], [ -78.159904964299997, 38.896535821299999 ], [ -78.159905131900004, 38.8965352345 ], [ -78.159903707, 38.896534061099999 ], [ -78.159904293699995, 38.896530875899998 ], [ -78.159900186599998, 38.8965262659 ], [ -78.159899180799997, 38.896524170399999 ], [ -78.159900689500006, 38.896526852599997 ], [ -78.159898761700006, 38.896524757100003 ], [ -78.159897588199996, 38.896522410199999 ], [ -78.159895408899999, 38.896519308899997 ], [ -78.159893145799998, 38.896516207600001 ], [ -78.159890463599993, 38.896511849 ], [ -78.159888451900002, 38.896510340299997 ], [ -78.159886021199995, 38.896511513699998 ], [ -78.159884596200001, 38.896509502100002 ], [ -78.159880992, 38.896508077199996 ], [ -78.159873280699998, 38.896507825699999 ], [ -78.159869257400004, 38.896507322799998 ], [ -78.159862216600004, 38.896504724400003 ], [ -78.159856768300003, 38.896501623100001 ], [ -78.159853080299996, 38.896498940900003 ], [ -78.159848051099999, 38.896496091 ], [ -78.1598441955, 38.896496258699997 ], [ -78.1598406751, 38.896495420500003 ], [ -78.159836567900001, 38.896491900100003 ], [ -78.159832712300002, 38.896491732400001 ], [ -78.159834221, 38.896489301700001 ], [ -78.159836903200002, 38.896492235399997 ], [ -78.159836819399999, 38.896492151499999 ], [ -78.159835645900003, 38.8964912295 ], [ -78.159835645900003, 38.896494330800003 ], [ -78.159833969499999, 38.896497096899999 ], [ -78.1598343048, 38.8965000305 ], [ -78.159832460800004, 38.896501623100001 ], [ -78.159830868200004, 38.8965035509 ], [ -78.159830868200004, 38.896506233099998 ], [ -78.1598285213, 38.896510088799999 ], [ -78.159827264, 38.896513106299999 ], [ -78.159827766899994, 38.896514782700002 ], [ -78.159829191900002, 38.896517129599999 ], [ -78.159829527100001, 38.896519979499999 ], [ -78.159834807699994, 38.896520230900002 ], [ -78.159837070899997, 38.8965211529 ], [ -78.159839334, 38.896525511500002 ], [ -78.159837070899997, 38.896533055200003 ], [ -78.159833299, 38.896538252 ], [ -78.159832293199997, 38.896540598900003 ], [ -78.159831706399999, 38.896544119300003 ], [ -78.159830616799994, 38.896545376600002 ], [ -78.159831287299994, 38.896547975 ], [ -78.159832377, 38.896553423299999 ], [ -78.159830030099997, 38.896558452400001 ], [ -78.159828437499996, 38.896561134599999 ], [ -78.159825671500002, 38.896556776 ], [ -78.159825922899998, 38.896549232300003 ], [ -78.159822402499998, 38.896552752700003 ], [ -78.159820642300005, 38.896553255599997 ], [ -78.1598195527, 38.896553004200001 ], [ -78.159821899600004, 38.896548561800003 ], [ -78.159823827400004, 38.896548310299998 ], [ -78.15982542, 38.896546298600001 ], [ -78.159822989299997, 38.896551495399997 ], [ -78.159821983399993, 38.8965510763 ], [ -78.1598214805, 38.896552166 ], [ -78.159821815800001, 38.896555267300002 ], [ -78.159828772799997, 38.896562391899998 ], [ -78.159831622599995, 38.896565074100003 ], [ -78.159829191900002, 38.896572282500003 ], [ -78.159831706399999, 38.896575383799998 ], [ -78.159831119700002, 38.896582424599998 ], [ -78.159824749500004, 38.896591225599998 ], [ -78.159824833299993, 38.896599691399999 ], [ -78.159826258199999, 38.896605726300002 ], [ -78.159821899600004, 38.896615197899997 ], [ -78.159820893800003, 38.8966182992 ], [ -78.159822234900005, 38.896620310800003 ], [ -78.159819468899997, 38.896626094399998 ], [ -78.1598214805, 38.8966306206 ], [ -78.159823156900003, 38.896636068799999 ], [ -78.159826425800006, 38.896640427400001 ], [ -78.159829024199993, 38.896647300600002 ], [ -78.159830449099999, 38.8966522459 ], [ -78.159832125500003, 38.896654509 ], [ -78.159832963699998, 38.896655682499997 ], [ -78.159831203500005, 38.896661466 ], [ -78.1598307844, 38.896665992199999 ], [ -78.159830030099997, 38.896669764099997 ], [ -78.159836903200002, 38.896661298300003 ], [ -78.159832628399997, 38.896648641699997 ], [ -78.159825503799993, 38.896649899 ], [ -78.159820977600006, 38.896661298300003 ], [ -78.159818882099998, 38.896660041099999 ], [ -78.159813769199999, 38.896672949200003 ], [ -78.159809578199997, 38.896687114599999 ], [ -78.159803962300003, 38.8967032917 ], [ -78.159797173, 38.896714104300003 ], [ -78.159789294, 38.896724833199997 ], [ -78.159784097200003, 38.896735226700002 ], [ -78.159783426700002, 38.896742602800003 ], [ -78.159782420799999, 38.8967495598 ], [ -78.159778984300004, 38.896753499299997 ], [ -78.159777810799994, 38.896757019699997 ], [ -78.159775631499997, 38.896757438800002 ], [ -78.159773284600007, 38.896758696100001 ], [ -78.159774793300002, 38.896761378299999 ], [ -78.159776805, 38.896764898699999 ], [ -78.159777559299997, 38.896766658899999 ], [ -78.159777643200002, 38.896766994099998 ], [ -78.159777475499993, 38.896766826499999 ], [ -78.159777643200002, 38.896766994099998 ], [ -78.159777475499993, 38.896767245600003 ], [ -78.1597769726, 38.8967676647 ], [ -78.159776134400005, 38.896768419099999 ], [ -78.159775547699994, 38.896768 ], [ -78.159773871300004, 38.896767497100001 ], [ -78.159772278700004, 38.896766239800002 ], [ -78.159771105299995, 38.896764647200001 ], [ -78.159771021500006, 38.896764731 ], [ -78.159769596499999, 38.896763976700001 ], [ -78.159768255399996, 38.896763473699998 ], [ -78.159768004, 38.896763557600003 ], [ -78.159768171600007, 38.896763138499999 ], [ -78.159767752500002, 38.896763809 ], [ -78.159767836300006, 38.896763809 ], [ -78.159767836300006, 38.896763809 ], [ -78.159768004, 38.896763976700001 ], [ -78.159768087800003, 38.896764144300001 ], [ -78.159768171600007, 38.896764144300001 ], [ -78.159768255399996, 38.8967643119 ], [ -78.159768339199999, 38.896764479600002 ], [ -78.159768339199999, 38.896764479600002 ], [ -78.159768423100004, 38.896764563399998 ], [ -78.159768423100004, 38.896764731 ], [ -78.159769093600005, 38.896764479600002 ], [ -78.159769764200007, 38.896764647200001 ], [ -78.159767752500002, 38.896767748499997 ], [ -78.1597664114, 38.896770598400003 ], [ -78.159764232100002, 38.896773867299999 ], [ -78.159761633700001, 38.896776549499997 ], [ -78.159759789700004, 38.8967783935 ], [ -78.159758448600002, 38.8967817463 ], [ -78.159754592900001, 38.896786440200003 ], [ -78.159751994499999, 38.8967905473 ], [ -78.159751575399994, 38.896792559 ], [ -78.159751156300004, 38.896794822099999 ], [ -78.159750904899994, 38.896796833700002 ], [ -78.159750402, 38.896797001400003 ], [ -78.159751491600005, 38.896799096800002 ], [ -78.159751575399994, 38.896799432100003 ], [ -78.159751240199995, 38.896798929200003 ], [ -78.159750821100005, 38.8967991807 ], [ -78.159748306500006, 38.896802114300002 ], [ -78.159745708100004, 38.896804377400002 ], [ -78.159745708100004, 38.896806808199997 ], [ -78.159744450800005, 38.896808652200001 ], [ -78.159741684799997, 38.896810244800001 ], [ -78.159738834899997, 38.896811334399999 ], [ -78.159736823299994, 38.8968132623 ], [ -78.159734644, 38.8968151901 ], [ -78.159733135300002, 38.896816195900001 ], [ -78.159729782499994, 38.8968204707 ], [ -78.159727351699999, 38.896823739600002 ], [ -78.159724753399999, 38.896835558100001 ], [ -78.159723915200004, 38.896840168200001 ], [ -78.159725004799995, 38.896843772399997 ], [ -78.159726932599995, 38.896848466199998 ], [ -78.159727603199997, 38.896851902800002 ], [ -78.159734392499999, 38.896854249800001 ], [ -78.159735817500007, 38.896856429099998 ], [ -78.159736990900001, 38.89686062 ], [ -78.159737661500003, 38.896863553700001 ], [ -78.1597382482, 38.896865984400002 ], [ -78.159738751099994, 38.896868582800003 ], [ -78.159739673100006, 38.896870510699998 ], [ -78.159739086399995, 38.896872438499997 ], [ -78.1597363204, 38.8968739472 ], [ -78.159735649799998, 38.8968753722 ], [ -78.159737326200002, 38.896876461799998 ], [ -78.159737493799994, 38.896876629399998 ], [ -78.159736823299994, 38.896876880900003 ], [ -78.159736488, 38.896876629399998 ], [ -78.159736488, 38.896876797099999 ], [ -78.159736655700002, 38.896876797099999 ], [ -78.159736739500005, 38.896876797099999 ], [ -78.159736823299994, 38.896876880900003 ], [ -78.159736907099997, 38.896876964699999 ], [ -78.159736990900001, 38.896876964699999 ], [ -78.159737074700004, 38.896876964699999 ], [ -78.159737158599995, 38.896876964699999 ], [ -78.159737242399999, 38.896876964699999 ], [ -78.159737326200002, 38.896877048500002 ], [ -78.159737242399999, 38.8968771324 ], [ -78.159737242399999, 38.896877216199996 ], [ -78.159737242399999, 38.8968773 ], [ -78.159737326200002, 38.896877383800003 ], [ -78.159737326200002, 38.896877383800003 ], [ -78.159737326200002, 38.896877383800003 ], [ -78.159737326200002, 38.896877383800003 ], [ -78.159737242399999, 38.8968774676 ], [ -78.159737242399999, 38.8968774676 ], [ -78.159737242399999, 38.896877551499998 ], [ -78.159737242399999, 38.896877719099997 ], [ -78.159737326200002, 38.896877802900001 ], [ -78.159737326200002, 38.896877886699997 ], [ -78.159737326200002, 38.896877886699997 ], [ -78.159737242399999, 38.8968779705 ], [ -78.159737242399999, 38.896878054399998 ], [ -78.159737242399999, 38.896878138200002 ], [ -78.159737158599995, 38.896878222 ], [ -78.159737242399999, 38.896878305800001 ], [ -78.159737326200002, 38.896878305800001 ], [ -78.159737242399999, 38.896878389599998 ], [ -78.159737326200002, 38.896878557299999 ], [ -78.159737242399999, 38.896878724899999 ], [ -78.15973741, 38.896878724899999 ], [ -78.159737326200002, 38.896878808700002 ], [ -78.159737326200002, 38.896878808700002 ], [ -78.159737242399999, 38.8968788926 ], [ -78.159737242399999, 38.896878976399996 ], [ -78.159737158599995, 38.8968790602 ], [ -78.159737074700004, 38.896879144 ], [ -78.159736990900001, 38.8968792278 ], [ -78.159736990900001, 38.8968792278 ], [ -78.159736823299994, 38.896879395500001 ], [ -78.159736739500005, 38.896879479299997 ], [ -78.159736655700002, 38.896879563100001 ], [ -78.159736571799996, 38.896879563100001 ], [ -78.159736488, 38.896879563100001 ], [ -78.159736488, 38.896879646899997 ], [ -78.1597363204, 38.8968797307 ], [ -78.1597363204, 38.896879898400002 ], [ -78.1597363204, 38.896879898400002 ], [ -78.1597363204, 38.896879898400002 ], [ -78.159735901299996, 38.896880233700003 ], [ -78.159735649799998, 38.896880317499999 ], [ -78.159735649799998, 38.896880401300002 ], [ -78.159735649799998, 38.896880401300002 ], [ -78.159732716199997, 38.896880066 ], [ -78.159730285400002, 38.896879311699998 ], [ -78.159728022300001, 38.896878976399996 ], [ -78.159725843, 38.896878557299999 ], [ -78.159723831299999, 38.896878222 ], [ -78.159722490199997, 38.896878305800001 ], [ -78.159721987300003, 38.896878557299999 ], [ -78.159721987300003, 38.896878389599998 ], [ -78.159721987300003, 38.896878641100002 ], [ -78.159721987300003, 38.896878641100002 ], [ -78.159722155, 38.896878724899999 ], [ -78.159722071100006, 38.896878641100002 ], [ -78.159722071100006, 38.896878724899999 ], [ -78.159721903499999, 38.896878808700002 ], [ -78.159721903499999, 38.896878724899999 ], [ -78.159721987300003, 38.8968788926 ], [ -78.159722071100006, 38.8968788926 ], [ -78.159722071100006, 38.8968788926 ], [ -78.159721903499999, 38.896878976399996 ], [ -78.159721903499999, 38.896878976399996 ], [ -78.159721819699996, 38.896879144 ], [ -78.159721903499999, 38.896879144 ], [ -78.159721903499999, 38.896879144 ], [ -78.159721903499999, 38.8968792278 ], [ -78.159721903499999, 38.8968792278 ], [ -78.159721819699996, 38.8968792278 ], [ -78.159722238800001, 38.896878808700002 ], [ -78.159722657900005, 38.896878808700002 ], [ -78.159722825499998, 38.8968792278 ], [ -78.159722741699994, 38.8968792278 ], [ -78.159722909300001, 38.8968792278 ], [ -78.159722993200006, 38.8968792278 ], [ -78.159723077, 38.8968792278 ], [ -78.159723160799999, 38.8968792278 ], [ -78.159723328400005, 38.896879144 ], [ -78.1597234961, 38.896878976399996 ], [ -78.159723579900003, 38.8968788926 ], [ -78.159723747499996, 38.896878976399996 ], [ -78.159723663700007, 38.896878808700002 ], [ -78.159724082799997, 38.896878808700002 ], [ -78.159724418099998, 38.896877551499998 ], [ -78.159724585700005, 38.896877048500002 ], [ -78.159724501900001, 38.896877383800003 ], [ -78.159724837200002, 38.896876797099999 ], [ -78.159725088599998, 38.896876378 ], [ -78.159725172400002, 38.8968762103 ], [ -78.159725172400002, 38.896876042700001 ], [ -78.159725004799995, 38.896875958899997 ], [ -78.159725172400002, 38.896875875100001 ], [ -78.159725423899999, 38.896875875100001 ], [ -78.159725591500006, 38.896876042700001 ], [ -78.159725591500006, 38.896876042700001 ], [ -78.159725675399997, 38.896876126499997 ], [ -78.159725759200001, 38.896876378 ], [ -78.159725675399997, 38.896876797099999 ], [ -78.159724669499994, 38.896873444299999 ], [ -78.1597234961, 38.896873109 ], [ -78.159719305099998, 38.896873276699999 ], [ -78.159716203800002, 38.896873360500003 ], [ -78.159717796400002, 38.896873863400003 ], [ -78.159718215500007, 38.896874953100003 ], [ -78.159718299299996, 38.8968755398 ], [ -78.159718886, 38.8968762103 ], [ -78.159718466900003, 38.896875791299998 ], [ -78.159717796400002, 38.8968755398 ], [ -78.159714192199999, 38.896878976399996 ], [ -78.159712599599999, 38.896881826200001 ], [ -78.159710755600003, 38.896884759899997 ], [ -78.159708995399996, 38.896887358299999 ], [ -78.159708157200001, 38.896888615599998 ], [ -78.1597065646, 38.896890711 ], [ -78.159705726400006, 38.896891633 ], [ -78.159706145499996, 38.896893225600003 ], [ -78.159707319, 38.896895740200002 ], [ -78.159707067499994, 38.896898087099999 ], [ -78.159707319, 38.896898338600003 ], [ -78.159707151399999, 38.896899176799998 ], [ -78.1597065646, 38.896899763500002 ], [ -78.159705726400006, 38.896900937 ], [ -78.159706648400004, 38.896904960299999 ], [ -78.159706480799997, 38.8969070558 ], [ -78.159707151399999, 38.896908061600001 ], [ -78.159707067499994, 38.896908899800003 ], [ -78.159706732299995, 38.896909905599998 ], [ -78.159706983700005, 38.89691066 ], [ -78.159707402799995, 38.896911079100001 ], [ -78.159706899900002, 38.896910911399999 ], [ -78.159706061700007, 38.8969114143 ], [ -78.159707486599999, 38.896913258399998 ], [ -78.159710336499998, 38.8969166949 ], [ -78.159711929, 38.896919628600003 ], [ -78.159712851, 38.896921891700003 ], [ -78.159711090800002, 38.896923149 ], [ -78.159709665899996, 38.896926166500002 ], [ -78.159710671799999, 38.896929184 ], [ -78.159711761400004, 38.8969306089 ], [ -78.159711593799997, 38.8969341293 ], [ -78.159708827700001, 38.8969400804 ], [ -78.159707905700003, 38.896944355199999 ], [ -78.1597065646, 38.8969506416 ], [ -78.159705558799999, 38.896954245899998 ], [ -78.159703211899995, 38.896956509 ], [ -78.159700529600002, 38.896960113200002 ], [ -78.159697093099993, 38.896967237799998 ], [ -78.159694746100001, 38.896973105100002 ], [ -78.159691980100007, 38.896978385700002 ], [ -78.159690387500007, 38.896985426500002 ], [ -78.159687705300001, 38.896992048199998 ], [ -78.159683346700007, 38.8969964068 ], [ -78.1596789882, 38.897001938899997 ], [ -78.159676557400005, 38.897007471 ], [ -78.159671612099999, 38.897011829500002 ], [ -78.15966608, 38.897016942500002 ], [ -78.159660883200004, 38.897017110100002 ], [ -78.159655602599997, 38.897020379099999 ], [ -78.159650657300006, 38.8970226422 ], [ -78.159641353400005, 38.897024737700001 ], [ -78.159632301, 38.897025827299998 ], [ -78.159627020399995, 38.897028341899997 ], [ -78.159624422, 38.897030688800001 ], [ -78.159624002900003, 38.897031862299997 ], [ -78.159624757200007, 38.8970330358 ], [ -78.159625260200002, 38.897034460699999 ], [ -78.159624841099998, 38.897035801800001 ], [ -78.159624841099998, 38.897036053199997 ], [ -78.159624924900001, 38.897035801800001 ], [ -78.1596239191, 38.897036388499998 ], [ -78.159621404500001, 38.897038148699998 ], [ -78.159620650099995, 38.8970389869 ], [ -78.159618387, 38.897040244199999 ], [ -78.159619560500005, 38.897042423499997 ], [ -78.159621404500001, 38.8970423397 ], [ -78.159620817800004, 38.897042088200003 ], [ -78.159620901599993, 38.897042255800002 ], [ -78.159620147200002, 38.897042172 ], [ -78.159618638500007, 38.8970407471 ], [ -78.1596175488, 38.8970405795 ], [ -78.159617213499999, 38.897041417700002 ], [ -78.1596175488, 38.897041752900002 ], [ -78.159618135499997, 38.897041752900002 ], [ -78.159618051699994, 38.8970418368 ], [ -78.159618051699994, 38.897041920600003 ], [ -78.159618387, 38.8970425073 ], [ -78.159619225200004, 38.897045273300002 ], [ -78.159618889900003, 38.8970479555 ], [ -78.159618470799998, 38.897050051 ], [ -78.159618806099999, 38.897052062699998 ], [ -78.159618135499997, 38.897053487599997 ], [ -78.159617884100001, 38.897054242 ], [ -78.159618051699994, 38.897054409600003 ], [ -78.159618051699994, 38.8970546611 ], [ -78.159618135499997, 38.8970548287 ], [ -78.159618051699994, 38.897054912500003 ], [ -78.159618135499997, 38.8970549963 ], [ -78.159618135499997, 38.897055164 ], [ -78.159618135499997, 38.897055164 ], [ -78.159618135499997, 38.897055247799997 ], [ -78.159618219400002, 38.897055247799997 ], [ -78.159618135499997, 38.897055331600001 ], [ -78.159618135499997, 38.897055499300002 ], [ -78.159618051699994, 38.897056002200003 ], [ -78.159618219400002, 38.897055666900002 ], [ -78.159618219400002, 38.897056169800003 ], [ -78.159618303200006, 38.897056253599999 ], [ -78.159618470799998, 38.897056337400002 ], [ -78.159618973700006, 38.8970565889 ], [ -78.159619057599997, 38.897056840399998 ], [ -78.159619309, 38.897057008 ], [ -78.159619309, 38.8970567565 ], [ -78.159619225200004, 38.8970565889 ], [ -78.1596194766, 38.897056924200001 ], [ -78.159619728099997, 38.897057343299998 ], [ -78.159620063399998, 38.897057846199999 ], [ -78.159621153, 38.897059857800002 ], [ -78.159622578, 38.897062791499998 ], [ -78.159624254299999, 38.897064384099998 ], [ -78.159623583799998, 38.8970687427 ], [ -78.159625260200002, 38.897070586700004 ], [ -78.159626349800007, 38.897071844 ], [ -78.159626098299995, 38.897073101300002 ], [ -78.159627020399995, 38.897074274700003 ], [ -78.159628445300001, 38.897077040699997 ], [ -78.159631378900002, 38.897078800899997 ], [ -78.159635653699993, 38.897080393499998 ], [ -78.159636156600001, 38.897080645 ], [ -78.159637581599995, 38.897080728799999 ], [ -78.159643197400001, 38.897083243399997 ], [ -78.159644287099994, 38.897084416799999 ], [ -78.159648729500006, 38.897085674099998 ], [ -78.159651244100004, 38.897085674099998 ], [ -78.159652836600003, 38.897087937199998 ], [ -78.159657111399994, 38.8970917929 ], [ -78.159661805300004, 38.8970942236 ], [ -78.159664990400003, 38.897099420399996 ], [ -78.159667253500004, 38.897102102600002 ], [ -78.159669851900006, 38.897104533399997 ], [ -78.159672534099997, 38.897106712700001 ], [ -78.159673037, 38.897108472900001 ], [ -78.159672366500004, 38.897110903600002 ], [ -78.159675300100005, 38.897112160900001 ], [ -78.159677982299996, 38.897113837299997 ], [ -78.159683514400001, 38.897123057400002 ], [ -78.159685442200001, 38.897126661599998 ], [ -78.159686951, 38.897128170400002 ], [ -78.1596882921, 38.897129595300001 ], [ -78.159689046400004, 38.897129679099997 ], [ -78.159691980100007, 38.897131523100001 ], [ -78.159692399199997, 38.897131858400002 ], [ -78.159692818300002, 38.897132026 ], [ -78.159693237400006, 38.897132109899999 ], [ -78.159693488900004, 38.897132445099999 ], [ -78.159693153600003, 38.897132528900002 ], [ -78.159693069799999, 38.897132696600003 ], [ -78.159693153600003, 38.8971327804 ], [ -78.159693237400006, 38.8971327804 ], [ -78.159693153600003, 38.897132948 ], [ -78.159692985899994, 38.897133031899997 ], [ -78.1596937403, 38.897133534799998 ], [ -78.159696254899998, 38.897133870099999 ], [ -78.159699691499995, 38.897133618600002 ], [ -78.159701451700002, 38.897133953900003 ], [ -78.159702708899999, 38.897134121500002 ], [ -78.159703463300005, 38.897133953900003 ], [ -78.159701703099998, 38.897134205299999 ], [ -78.159701367799997, 38.897134289100002 ], [ -78.159701451700002, 38.897134708199999 ], [ -78.159701032599997, 38.897134875900001 ], [ -78.159700697299996, 38.897135211200002 ], [ -78.159700362, 38.897135378800002 ], [ -78.159700110599999, 38.897135546400001 ], [ -78.159701367799997, 38.897134373 ], [ -78.159701786900001, 38.897133870099999 ], [ -78.159701703099998, 38.897133953900003 ], [ -78.159701619299994, 38.897134373 ], [ -78.159701786900001, 38.897134456800003 ], [ -78.159702038399999, 38.897134456800003 ], [ -78.159702038399999, 38.897134456800003 ], [ -78.159702038399999, 38.897134456800003 ], [ -78.159702038399999, 38.897134373 ], [ -78.159702038399999, 38.897134289100002 ], [ -78.159702708899999, 38.897134456800003 ], [ -78.159703295699998, 38.897135127299997 ], [ -78.159703714800003, 38.897135714100003 ], [ -78.159704133899993, 38.897135881700002 ], [ -78.159705307300001, 38.897135881700002 ], [ -78.159705642600002, 38.8971361332 ], [ -78.159705810199995, 38.897136217 ], [ -78.1597058941, 38.897136049300002 ], [ -78.159706816099998, 38.897136719899997 ], [ -78.159708827700001, 38.897136971400002 ], [ -78.159709246800006, 38.897137390399998 ], [ -78.1597094145, 38.897136887499997 ], [ -78.159709246800006, 38.897136636100001 ], [ -78.159709246800006, 38.8971368037 ], [ -78.159708576300005, 38.897137055199998 ], [ -78.159708073399997, 38.897136468399999 ], [ -78.159707570400002, 38.897136384600003 ], [ -78.1597078219, 38.897136384600003 ], [ -78.159707989500006, 38.897136384600003 ], [ -78.159708157200001, 38.897136384600003 ], [ -78.159708743899998, 38.8971363008 ], [ -78.1597113423, 38.897135714100003 ], [ -78.159714192199999, 38.897135043500001 ], [ -78.159717209600004, 38.897136636100001 ], [ -78.159719137500005, 38.897137977200003 ], [ -78.159721065300005, 38.8971385639 ], [ -78.159722574100002, 38.897139905 ], [ -78.159723328400005, 38.897141078499999 ], [ -78.159727267899996, 38.897141497600003 ], [ -78.159728692800002, 38.897143593099997 ], [ -78.159728776700007, 38.897143928299997 ], [ -78.159728106100005, 38.897143593099997 ], [ -78.159728609, 38.897142503399998 ], [ -78.159728022300001, 38.897141832899997 ], [ -78.159727519399993, 38.8971414138 ], [ -78.159727351699999, 38.897141749 ], [ -78.159728022300001, 38.897141749 ], [ -78.1597292796, 38.897141665200003 ], [ -78.159730117799995, 38.897141246099999 ], [ -78.159730369200005, 38.897140910799997 ], [ -78.159730117799995, 38.897140910799997 ], [ -78.159729531, 38.897140827 ], [ -78.159729866299998, 38.897144598899999 ], [ -78.159729531, 38.897146107600001 ], [ -78.159727267899996, 38.8971473649 ], [ -78.159724753399999, 38.897147867800001 ], [ -78.159721819699996, 38.897149460400001 ], [ -78.159722071100006, 38.8971554954 ], [ -78.159720478599993, 38.897158261400001 ], [ -78.159718299299996, 38.897160943599999 ], [ -78.159715030300006, 38.897164128699998 ], [ -78.159710252699995, 38.8971700799 ], [ -78.159706899900002, 38.897173181200003 ], [ -78.159704217699996, 38.897176198700002 ], [ -78.159700948700007, 38.897178378 ], [ -78.159700026699994, 38.897180054300001 ], [ -78.159699775299998, 38.897181563099998 ], [ -78.159699523800001, 38.897183323299998 ], [ -78.159698266500001, 38.897183826199999 ], [ -78.159697847399997, 38.897183742400003 ], [ -78.159697428300007, 38.897183574700001 ], [ -78.159696757800006, 38.897183407100002 ], [ -78.159696506299994, 38.897183658599999 ], [ -78.159695835799994, 38.8971843291 ], [ -78.159691644800006, 38.8971841615 ], [ -78.159689214099998, 38.897181646900002 ], [ -78.1596851069, 38.8971774559 ], [ -78.159683933500006, 38.8971736003 ], [ -78.159680999800003, 38.897169493100002 ], [ -78.159675970699993, 38.8971667271 ], [ -78.159674378099993, 38.897163961099999 ], [ -78.159674545800002, 38.897161698 ], [ -78.1596761383, 38.897161278900001 ], [ -78.159682676200006, 38.897159602499997 ], [ -78.159682340900005, 38.897156668800001 ], [ -78.159679910199998, 38.897153064599998 ], [ -78.159677814700004, 38.897149963300002 ], [ -78.159677982299996, 38.897148789799999 ], [ -78.159678401400001, 38.897147532600002 ], [ -78.159677563200006, 38.897148035500003 ], [ -78.159677228, 38.897147113499997 ], [ -78.159677144100002, 38.897146610500002 ], [ -78.159676892700006, 38.8971456047 ], [ -78.159676725, 38.897144766499999 ], [ -78.159676725, 38.897142922500002 ], [ -78.159677144100002, 38.897141749 ], [ -78.159672953200001, 38.897142252 ], [ -78.159671025400002, 38.897141246099999 ], [ -78.159669516600005, 38.897140072699997 ], [ -78.159668510800003, 38.897138647699997 ], [ -78.159668343099995, 38.897136971400002 ], [ -78.159667840200001, 38.897134205299999 ], [ -78.159665409499993, 38.897132277499999 ], [ -78.159664822699995, 38.897130433500003 ], [ -78.159663565499997, 38.897128170400002 ], [ -78.1596620567, 38.897126158699997 ], [ -78.159660548, 38.897125572 ], [ -78.1596585363, 38.897124733799998 ], [ -78.159656608500001, 38.897123560300003 ], [ -78.159653004299997, 38.8971238118 ], [ -78.159650154399998, 38.897122805899997 ], [ -78.159647136900006, 38.897121213399998 ], [ -78.159643029799994, 38.897121632500003 ], [ -78.159641185799998, 38.897122973599998 ], [ -78.159638335899999, 38.897124147 ], [ -78.159636408099999, 38.8971257396 ], [ -78.159632217099997, 38.897127080700002 ], [ -78.159628277600007, 38.897128254199998 ], [ -78.159626685099994, 38.897131606899997 ], [ -78.159623164699994, 38.897137390399998 ], [ -78.159620314799994, 38.897140407899997 ], [ -78.159621572099994, 38.897145185600003 ], [ -78.1596203987, 38.897148370700002 ], [ -78.159618051699994, 38.897151975 ], [ -78.159615369500003, 38.897155411500002 ], [ -78.159605898, 38.897157590799999 ], [ -78.159606903799997, 38.897166224199999 ], [ -78.159607574299997, 38.897172259199998 ], [ -78.159607071400004, 38.897177707399997 ], [ -78.159608664, 38.8971809763 ], [ -78.159609334500004, 38.897185418799999 ], [ -78.159607658200002, 38.8971896097 ], [ -78.159606568499996, 38.897192543400003 ], [ -78.159604724499999, 38.897194555 ], [ -78.1596027967, 38.897196902 ], [ -78.159602545200002, 38.897199165099998 ], [ -78.159602712799995, 38.897202936900001 ], [ -78.159603048099996, 38.897204697100001 ], [ -78.159603299599993, 38.897206373499998 ], [ -78.159603215800004, 38.897206625 ], [ -78.159602964300007, 38.897206625 ], [ -78.159602712799995, 38.897206541199999 ], [ -78.159602545200002, 38.897206708799999 ], [ -78.159602209900001, 38.8972070441 ], [ -78.159602293700004, 38.897206876399999 ], [ -78.159602042299994, 38.897206876399999 ], [ -78.159601036500007, 38.897206625 ], [ -78.159600785, 38.897206708799999 ], [ -78.159601455599997, 38.897207379299999 ], [ -78.159601958500005, 38.897208133699998 ], [ -78.159602126099998, 38.897209558599997 ], [ -78.159601287900003, 38.897210648300003 ], [ -78.159600952600002, 38.897210396799998 ], [ -78.159600952600002, 38.897210229199999 ], [ -78.159601120299996, 38.897210648300003 ], [ -78.159601707, 38.897209810100001 ], [ -78.159601120299996, 38.897210145400003 ], [ -78.159600030600004, 38.8972105645 ], [ -78.159599108600005, 38.8972105645 ], [ -78.159598689500001, 38.897210396799998 ], [ -78.159599360100003, 38.897210899699999 ], [ -78.159599863, 38.897211570300001 ], [ -78.159600449699994, 38.897212157 ], [ -78.159600365900005, 38.897212157 ], [ -78.159599611499999, 38.897212743799997 ], [ -78.159599611499999, 38.897211821699997 ], [ -78.159600030600004, 38.897211318799997 ], [ -78.159600030600004, 38.897211402700002 ], [ -78.159600030600004, 38.897211402700002 ], [ -78.159600030600004, 38.897211570300001 ], [ -78.159600114400007, 38.897211570300001 ], [ -78.159600030600004, 38.897211486499998 ], [ -78.159600114400007, 38.897211654099998 ], [ -78.1595999468, 38.897211570300001 ], [ -78.1595999468, 38.897211654099998 ], [ -78.159599863, 38.897211737900001 ], [ -78.159599863, 38.897211737900001 ], [ -78.159599863, 38.897211737900001 ], [ -78.159599695400004, 38.897211821699997 ], [ -78.159600114400007, 38.897211821699997 ], [ -78.159600701200006, 38.897211486499998 ], [ -78.159600617400002, 38.897211821699997 ], [ -78.159599443900007, 38.897212659899999 ], [ -78.159600449699994, 38.8972129952 ], [ -78.159600785, 38.897213079 ], [ -78.159601790799996, 38.897214504 ], [ -78.159600198299998, 38.897216264199997 ], [ -78.159599863, 38.897218611100001 ], [ -78.159599695400004, 38.897219030199999 ], [ -78.159599527699996, 38.8972193655 ], [ -78.159599527699996, 38.897219533099999 ], [ -78.1595999468, 38.897220371300001 ], [ -78.159603048099996, 38.897220874200002 ], [ -78.159603970099994, 38.8972217962 ], [ -78.159605227399993, 38.897222382899997 ], [ -78.159606233199995, 38.897223640199996 ], [ -78.159605646499998, 38.897223975499998 ], [ -78.159606568499996, 38.897223975499998 ], [ -78.15960682, 38.897224059300001 ], [ -78.159606233199995, 38.897224562200002 ], [ -78.159605395, 38.8972253166 ], [ -78.159604892100006, 38.897225819500001 ], [ -78.159604389199998, 38.8972253166 ], [ -78.159603802500001, 38.897224981299999 ], [ -78.1596034672, 38.8972253166 ], [ -78.159603299599993, 38.897224897500003 ], [ -78.159603299599993, 38.8972246461 ], [ -78.159603299599993, 38.897224562200002 ], [ -78.159603383399997, 38.897224478399998 ], [ -78.159603383399997, 38.897224227 ], [ -78.159603383399997, 38.897224143099997 ], [ -78.159603383399997, 38.897224143099997 ], [ -78.1596034672, 38.897224394600002 ], [ -78.1596034672, 38.897224394600002 ], [ -78.159603551, 38.8972246461 ], [ -78.159603551, 38.8972246461 ], [ -78.159603634800007, 38.8972246461 ], [ -78.159603634800007, 38.8972246461 ], [ -78.159603634800007, 38.897224562200002 ], [ -78.159603718699998, 38.8972246461 ], [ -78.159603634800007, 38.897224562200002 ], [ -78.159603634800007, 38.897224981299999 ], [ -78.159603551, 38.897224981299999 ], [ -78.159603551, 38.897225065199997 ], [ -78.159602712799995, 38.897225651900001 ], [ -78.1596027967, 38.897225651900001 ], [ -78.159603634800007, 38.897225149 ], [ -78.159603718699998, 38.897225232799997 ], [ -78.159603215800004, 38.897225735699998 ], [ -78.159603215800004, 38.897225735699998 ], [ -78.159603299599993, 38.897225735699998 ], [ -78.159603299599993, 38.897225651900001 ], [ -78.159603383399997, 38.897225735699998 ], [ -78.1596034672, 38.897225735699998 ], [ -78.159603048099996, 38.897225903299997 ] ] ] } },
{ "type": "Feature", "properties": { "name": "grassland_a_path_2" }, "geometry": { "type": "MultiLineString", "coordinates": [ [ [ -78.159513697, 38.897384405099999 ], [ -78.159513445599998, 38.897386249199997 ], [ -78.159514870500004, 38.897384237499999 ], [ -78.159515289599995, 38.8973828126 ], [ -78.159516546899994, 38.89738122 ], [ -78.159517385100003, 38.897380298 ], [ -78.159518390900004, 38.897379543600003 ], [ -78.159518307100001, 38.897380214199998 ], [ -78.159519145299996, 38.897379208399997 ], [ -78.159519480499995, 38.897378621599998 ], [ -78.159519396700006, 38.897378286299997 ], [ -78.159518893799998, 38.897377615800004 ], [ -78.159518307100001, 38.89737661 ], [ -78.159518223299997, 38.897376861399998 ], [ -78.159519145299996, 38.8973776996 ], [ -78.1595195644, 38.897377532 ], [ -78.159519815799996, 38.897377615800004 ], [ -78.159519312900002, 38.8973776996 ], [ -78.159519396700006, 38.8973776996 ], [ -78.159519648200003, 38.897377783400003 ], [ -78.159519732, 38.897377867300001 ], [ -78.159519732, 38.897377951099998 ], [ -78.159519815799996, 38.897377951099998 ], [ -78.159519815799996, 38.897378034900001 ], [ -78.159519899599999, 38.897378118699997 ], [ -78.159519899599999, 38.897378034900001 ], [ -78.159519899599999, 38.897377951099998 ], [ -78.159519983500005, 38.897377951099998 ], [ -78.159519983500005, 38.897378034900001 ], [ -78.159521995099993, 38.897376693799998 ], [ -78.15952342, 38.897373843899999 ], [ -78.159524928799996, 38.897371161700001 ], [ -78.159526353700002, 38.897368982400003 ], [ -78.159528113899995, 38.897364875299999 ], [ -78.159534819399994, 38.897359762299999 ], [ -78.159518139400006, 38.8973583374 ], [ -78.159516379199999, 38.8973583374 ], [ -78.1595167145, 38.897357415400002 ], [ -78.159516127800003, 38.897356744900002 ], [ -78.159516463100005, 38.897357583 ], [ -78.159517888, 38.8973583374 ], [ -78.159518977600001, 38.897359175600002 ], [ -78.159519312900002, 38.897358840300001 ], [ -78.159521995099993, 38.897359762299999 ], [ -78.159525850799994, 38.897357164 ], [ -78.159529706499995, 38.897355822800002 ], [ -78.159533729800003, 38.897353308299998 ], [ -78.159534065100004, 38.8973530568 ], [ -78.159535573799999, 38.897352973 ], [ -78.159536747299995, 38.8973530568 ], [ -78.159538591300006, 38.897351464300002 ], [ -78.1595397647, 38.897352553899999 ], [ -78.159533478300006, 38.897349871700001 ], [ -78.159531969599996, 38.897346602799999 ], [ -78.159531466700003, 38.897343920499999 ], [ -78.159531466700003, 38.897343669100003 ], [ -78.159531634299995, 38.897343752899999 ], [ -78.159532137200003, 38.897343501400002 ], [ -78.159533143, 38.897342830900001 ], [ -78.159528700600006, 38.897340986899998 ], [ -78.159526269899999, 38.897338556100003 ], [ -78.159524677299999, 38.897336376799998 ], [ -78.159523168600003, 38.897335706299998 ], [ -78.159522414199998, 38.897335371 ], [ -78.159522833300002, 38.897335622500002 ], [ -78.159523503900004, 38.897335371 ], [ -78.1595237553, 38.897334029900001 ], [ -78.159523503900004, 38.897332856399998 ], [ -78.159522917100006, 38.897332437300001 ], [ -78.159519983500005, 38.897331012400002 ], [ -78.1595195644, 38.8973296713 ], [ -78.15951881, 38.897329587500003 ], [ -78.159517468900006, 38.897329252200002 ], [ -78.159516966, 38.897329252200002 ], [ -78.159517385100003, 38.897329168399999 ], [ -78.159512942700005, 38.897327575799999 ], [ -78.159510092800005, 38.8973266538 ], [ -78.159506823900003, 38.897326486200001 ], [ -78.159506404799998, 38.897326821500002 ], [ -78.159504644600005, 38.89732657 ], [ -78.159502046200004, 38.897320618899997 ], [ -78.159499699199998, 38.8973207027 ], [ -78.159495592100001, 38.897328246400001 ], [ -78.159490898300007, 38.897328665499998 ], [ -78.159488802799999, 38.8973279111 ], [ -78.159487629300003, 38.89732657 ], [ -78.159487042600006, 38.897325396500001 ], [ -78.159491233500006, 38.897326234700003 ], [ -78.1594914012, 38.897327827300003 ], [ -78.159487210199998, 38.897330006600001 ], [ -78.159483773600002, 38.897331096199999 ], [ -78.159480923800004, 38.897331683 ], [ -78.159477822499994, 38.897331850599997 ], [ -78.159476229899994, 38.897331180099997 ], [ -78.159474302099994, 38.897329084600003 ], [ -78.159472709499994, 38.897327408199999 ], [ -78.159470865499998, 38.897326486200001 ], [ -78.159467931799995, 38.8973261509 ], [ -78.159464662900007, 38.897325480399999 ], [ -78.159465501100001, 38.897326905299998 ], [ -78.159465584900005, 38.89732657 ], [ -78.159465584900005, 38.897327072899998 ], [ -78.159464746699996, 38.897335287200001 ], [ -78.1594644953, 38.897337885600002 ], [ -78.159463489399997, 38.8973400649 ], [ -78.159462064500005, 38.897342160299999 ], [ -78.159460723400002, 38.897343836700003 ], [ -78.159459717600001, 38.897346016 ], [ -78.159444462500005, 38.8973389752 ] ] ] } },
{ "type": "Feature", "properties": { "name": "grassland_a_path_3" }, "geometry": { "type": "MultiLineString", "coordinates": [ [ [ -78.162075290499999, 38.896214710499997 ], [ -78.162075374300002, 38.896214794400002 ], [ -78.162075290499999, 38.896213537100003 ], [ -78.162076128600006, 38.896211609200002 ], [ -78.162077050700006, 38.8962088432 ], [ -78.162076883, 38.896205741899998 ], [ -78.162076966800001, 38.896203227299999 ], [ -78.162076044800003, 38.896201634800001 ], [ -78.162074117, 38.896198617300001 ], [ -78.162072356799996, 38.896194677799997 ], [ -78.162071770099999, 38.896191911800003 ], [ -78.162070261300002, 38.896190235399999 ], [ -78.162068417300006, 38.896189061900003 ], [ -78.162068668800003, 38.896188139899998 ], [ -78.162068836399996, 38.896188307599999 ], [ -78.162069087800006, 38.896188223700001 ], [ -78.162069339300004, 38.896187972299998 ], [ -78.162069758399994, 38.896187888500002 ], [ -78.162070345100005, 38.896187469399997 ], [ -78.162068752600007, 38.896186463500001 ], [ -78.162067243799996, 38.8961854577 ], [ -78.162067243799996, 38.896184703300001 ], [ -78.162066657099999, 38.896183110800003 ], [ -78.162066740900002, 38.896181182900001 ], [ -78.162061879399999, 38.896178081599999 ], [ -78.162062801399998, 38.896179338899998 ], [ -78.162063136699999, 38.896179674199999 ], [ -78.162062969100006, 38.896179674199999 ], [ -78.162062969100006, 38.896179590400003 ], [ -78.162062717599994, 38.896179758 ], [ -78.162062466099997, 38.8961800095 ], [ -78.162062130899997, 38.8961801771 ], [ -78.162062382299993, 38.896180093300003 ], [ -78.162063052899995, 38.8961800095 ], [ -78.162063220500002, 38.896179925699997 ], [ -78.162063304300005, 38.896179925699997 ], [ -78.162063136699999, 38.896180093300003 ], [ -78.162062717599994, 38.8961801771 ], [ -78.162063807199999, 38.896180344699999 ], [ -78.162063891100004, 38.896180344699999 ], [ -78.162063974899993, 38.8961801771 ], [ -78.162063891100004, 38.896179841799999 ], [ -78.162063807199999, 38.896179841799999 ], [ -78.162064058699997, 38.896180093300003 ], [ -78.162063974899993, 38.896179925699997 ], [ -78.162063891100004, 38.896179590400003 ], [ -78.162063723399996, 38.896179255100002 ], [ -78.162063639600007, 38.896178836 ], [ -78.162063472, 38.8961784169 ], [ -78.162063388199996, 38.896178165499997 ], [ -78.162063304300005, 38.896177914 ], [ -78.162059448700006, 38.896173555399997 ], [ -78.162057688499999, 38.896171292299996 ], [ -78.162058526699994, 38.896171711400001 ], [ -78.162058694300001, 38.896171711400001 ], [ -78.162058778100004, 38.896171711400001 ], [ -78.162058275199996, 38.896171627599998 ], [ -78.162056682599996, 38.896170957 ], [ -78.162051653500001, 38.896168861500001 ], [ -78.162048887500006, 38.896167352799999 ], [ -78.1620477978, 38.896166682199997 ], [ -78.1620477978, 38.896166347 ], [ -78.162046959600005, 38.896165760199999 ], [ -78.162046121399996, 38.896165257299998 ], [ -78.162046205300001, 38.896165089699998 ], [ -78.162046037600007, 38.896164838200001 ], [ -78.16204587, 38.8961645029 ], [ -78.162044026, 38.896163748600003 ], [ -78.162041595199995, 38.896162994199997 ], [ -78.162041092300001, 38.896162910400001 ], [ -78.162041008499997, 38.896162910400001 ], [ -78.162040757, 38.896162910400001 ], [ -78.162040673199996, 38.896162826599998 ], [ -78.162040840800003, 38.896162826599998 ], [ -78.162041259899993, 38.8961627427 ], [ -78.1620423496, 38.8961625751 ], [ -78.162041427600002, 38.8961619046 ], [ -78.162039248300005, 38.8961601444 ], [ -78.162037823299997, 38.8961592223 ], [ -78.162036649900003, 38.896158970899997 ], [ -78.1620337162, 38.896159138500003 ], [ -78.162030614900004, 38.896160395800003 ], [ -78.162022400599994, 38.896160479599999 ], [ -78.162016365699998, 38.896162239799999 ], [ -78.162010163100007, 38.896163748600003 ], [ -78.162003625200001, 38.896163245700002 ], [ -78.162001445900003, 38.896161066399998 ], [ -78.161997506399999, 38.896159473799997 ], [ -78.161992058199999, 38.896156121 ], [ -78.161988118699995, 38.896152181600002 ], [ -78.161984849700005, 38.896149164100002 ], [ -78.1619837601, 38.896144805500001 ], [ -78.161982251300003, 38.89614271 ], [ -78.161980407300007, 38.896142626200003 ], [ -78.161977473600004, 38.896141285100001 ], [ -78.161974372299994, 38.896139944 ], [ -78.161972193, 38.896139022 ], [ -78.161971941600001, 38.896138938100002 ], [ -78.161972193, 38.896139441099997 ], [ -78.161973282700004, 38.8961396925 ], [ -78.161972947400002, 38.896139105800003 ], [ -78.161972360700005, 38.896138938100002 ], [ -78.161969175600007, 38.896140530700002 ], [ -78.1619680859, 38.896141117399999 ], [ -78.161969343199999, 38.896141955600001 ], [ -78.161967499200003, 38.896142458500002 ], [ -78.161966744799997, 38.896142626200003 ], [ -78.161964817, 38.896142374699998 ], [ -78.161965822799999, 38.8961432129 ], [ -78.161966409499996, 38.8961432129 ], [ -78.161966325700007, 38.8961443026 ], [ -78.161965655200007, 38.896144386400003 ], [ -78.161965655200007, 38.896144218700002 ], [ -78.161965990400006, 38.8961443026 ], [ -78.161966241900004, 38.896144386400003 ], [ -78.161968169700003, 38.896143464399998 ], [ -78.161969343199999, 38.896144721699997 ], [ -78.161970768100005, 38.896146481899997 ], [ -78.161971857799998, 38.896147571500002 ], [ -78.161970851899994, 38.896149331700002 ], [ -78.161970097600005, 38.896149667 ], [ -78.161969259399996, 38.896149750799999 ], [ -78.161968756500002, 38.896149750799999 ], [ -78.161968672599997, 38.8961495832 ], [ -78.161969007899998, 38.8961495832 ], [ -78.161970265199997, 38.896150337500004 ], [ -78.161971857799998, 38.896151427200003 ], [ -78.161972193, 38.896153355 ], [ -78.1619731989, 38.896154360799997 ], [ -78.161973785599997, 38.896156204900002 ], [ -78.16197454, 38.896159138500003 ], [ -78.161976048699998, 38.896160060500002 ], [ -78.161974959099993, 38.896163497099998 ], [ -78.16197454, 38.896166598400001 ], [ -78.161974372299994, 38.896170789400003 ], [ -78.161976132500001, 38.8961729687 ], [ -78.161978144200006, 38.896172884899997 ], [ -78.161978982400001, 38.8961731363 ], [ -78.161978144200006, 38.896174393599999 ], [ -78.161979233799997, 38.896174980300003 ], [ -78.161979233799997, 38.89617607 ], [ -78.161977138400005, 38.896178752200001 ], [ -78.161976803100004, 38.896179841799999 ], [ -78.161974875300004, 38.896181266799999 ], [ -78.161972779799996, 38.896182524 ], [ -78.161971271, 38.896184032800001 ], [ -78.161970097600005, 38.896185122399999 ], [ -78.161967750599999, 38.896186212099998 ], [ -78.161966241900004, 38.896186882599999 ], [ -78.161963140599994, 38.896187469399997 ], [ -78.161955429200006, 38.896190989799997 ], [ -78.161951405899998, 38.896191157399997 ], [ -78.161947634100002, 38.896191492699998 ], [ -78.161941599100004, 38.896195683599998 ], [ -78.16193657, 38.896198198199997 ], [ -78.161931540799998, 38.8961976115 ], [ -78.161926427899999, 38.896199790799997 ], [ -78.161921147300006, 38.896201551 ], [ -78.161918213600003, 38.896203311199997 ], [ -78.161917794499999, 38.8962046523 ], [ -78.161915699, 38.896205406599996 ], [ -78.161909747899998, 38.896205490500002 ], [ -78.161905640699999, 38.896207083 ], [ -78.161903126200002, 38.896209597599999 ], [ -78.161895666299998, 38.896208507899999 ], [ -78.161892816399998, 38.896210519599997 ], [ -78.1618877035, 38.896210687200004 ], [ -78.161883009600004, 38.896209849 ], [ -78.161878902500007, 38.896210771100002 ], [ -78.161874124799994, 38.896211106300001 ], [ -78.161869430899998, 38.896211106300001 ], [ -78.161868257400002, 38.8962152135 ], [ -78.161862725399999, 38.896217225100003 ], [ -78.161859037400006, 38.896218230899997 ], [ -78.161856355099999, 38.896222505700003 ], [ -78.161851326, 38.8962240145 ], [ -78.161848727600002, 38.8962245174 ], [ -78.1618473865, 38.896224852700001 ], [ -78.161845877800005, 38.896226109899999 ], [ -78.161844452799997, 38.896227115800002 ], [ -78.161842022100004, 38.896228959799998 ], [ -78.161839842800006, 38.896231222899999 ], [ -78.161836070899994, 38.896232564 ], [ -78.1618348975, 38.896233234599997 ], [ -78.161831796200005, 38.896234240399998 ], [ -78.161830958, 38.896234240399998 ], [ -78.161829197800003, 38.896234072699997 ], [ -78.161828024299993, 38.896233486 ], [ -78.1618278567, 38.896233402199996 ], [ -78.161828108099996, 38.896233150699999 ], [ -78.161828192, 38.896233234599997 ], [ -78.161827186099998, 38.8962333184 ], [ -78.161822995199998, 38.896232480199998 ], [ -78.161820564400003, 38.896231139100003 ], [ -78.161818720400007, 38.896229211200001 ], [ -78.161817463099993, 38.896227031899997 ], [ -78.161815535299993, 38.896224685 ], [ -78.161811847199999, 38.896222589499999 ], [ -78.161807907699995, 38.896220829299999 ], [ -78.161805560800005, 38.896219823499997 ], [ -78.1618016213, 38.896219320599997 ], [ -78.1617981009, 38.896220075 ], [ -78.161797011299996, 38.896214291500002 ], [ -78.161796256900004, 38.896211860699999 ], [ -78.161796759799998, 38.896210854899998 ], [ -78.161797262700006, 38.896208256500003 ], [ -78.161795502499999, 38.896205155200001 ], [ -78.161796676, 38.896202556799999 ], [ -78.161797346499995, 38.8961995393 ], [ -78.161798855300006, 38.896200377500001 ], [ -78.161797346499995, 38.896199120200002 ], [ -78.161795251100003, 38.896197695300003 ], [ -78.161788294100006, 38.8961924985 ], [ -78.161783851699994, 38.896189648700002 ], [ -78.161780582700004, 38.896188307599999 ], [ -78.161778319600003, 38.8961872179 ], [ -78.16177723, 38.896186463500001 ], [ -78.161775805100007, 38.896184619499998 ], [ -78.161773961, 38.896180512400001 ], [ -78.161773458100001, 38.896174812700004 ], [ -78.1617731228, 38.8961696159 ], [ -78.161772703799997, 38.8961643353 ], [ -78.161773458100001, 38.8961588871 ], [ -78.1617731228, 38.896156372500002 ], [ -78.161770943600004, 38.896154779900002 ], [ -78.161771781699997, 38.896152265399998 ], [ -78.161769099500006, 38.896147487699999 ], [ -78.161766417300001, 38.896143548200001 ], [ -78.161764321800007, 38.896140530700002 ], [ -78.161762477799996, 38.896137764700001 ], [ -78.161759208899994, 38.896134495699997 ], [ -78.1617590412, 38.8961321488 ], [ -78.161758203100007, 38.896130137100002 ], [ -78.161756359, 38.896127119699997 ], [ -78.161752754800006, 38.8961238507 ], [ -78.161750659299997, 38.896120581799998 ], [ -78.161753090100007, 38.896121671400003 ], [ -78.161752587199999, 38.896121671400003 ], [ -78.161750407900001, 38.8961215876 ], [ -78.161750491700005, 38.896120917099999 ], [ -78.161748563900005, 38.896119408300002 ], [ -78.161747725699996, 38.896117648100002 ], [ -78.161743283299998, 38.896115133499997 ], [ -78.161740936300006, 38.896112702800004 ], [ -78.161738673200006, 38.896110439700003 ], [ -78.161739930500005, 38.896111613099997 ], [ -78.161738002700005, 38.896111194 ], [ -78.1617372483, 38.896110942599996 ], [ -78.161737835, 38.896110188199998 ], [ -78.161736242499998, 38.896110691099999 ], [ -78.161734901399996, 38.896111529300001 ], [ -78.161734230799993, 38.896110355899999 ], [ -78.161733811700003, 38.896110104400002 ], [ -78.161733644099996, 38.8961110264 ], [ -78.161737499799997, 38.896110774900002 ], [ -78.161740349599995, 38.896109517699998 ], [ -78.16174387, 38.896107589800003 ], [ -78.161741774500001, 38.896109182399996 ], [ -78.161744624400001, 38.896108763299999 ], [ -78.161744456700006, 38.896109182399996 ], [ -78.161749318199995, 38.8961090986 ], [ -78.161751832799993, 38.896110188199998 ], [ -78.161753341600004, 38.896108511800001 ], [ -78.161764657099994, 38.896098956499998 ], [ -78.161766585, 38.896098202099999 ], [ -78.1617676746, 38.8960980345 ], [ -78.161769015700003, 38.8961015549 ], [ -78.161763148399999, 38.896101806300003 ], [ -78.161764908600006, 38.896103901799997 ], [ -78.161765495300003, 38.896106248700001 ], [ -78.161764992399995, 38.896107254500002 ], [ -78.161764908600006, 38.8961076736 ], [ -78.161764992399995, 38.896108763299999 ], [ -78.161765243900007, 38.896109769100001 ], [ -78.161765663, 38.896110020599998 ], [ -78.161766668799999, 38.896110104400002 ], [ -78.161767339299999, 38.896110355899999 ], [ -78.161766585, 38.8961108588 ], [ -78.161765914399993, 38.8961110264 ], [ -78.161767423200004, 38.896112116099999 ], [ -78.161769015700003, 38.8961127866 ], [ -78.161769937700001, 38.896112451299999 ], [ -78.161770021500004, 38.896110523499999 ], [ -78.1617696024, 38.896110188199998 ], [ -78.161768931899999, 38.896110020599998 ], [ -78.161769518599996, 38.896109852899997 ], [ -78.161772955199993, 38.896108092699997 ], [ -78.161775721200001, 38.896108428 ], [ -78.161777062300004, 38.896107170699999 ], [ -78.161780079799996, 38.896106751600001 ], [ -78.1617833488, 38.896105075299999 ], [ -78.161785695700004, 38.8961002976 ], [ -78.1617868692, 38.896095771299997 ], [ -78.161788210300003, 38.896094262600002 ], [ -78.161789048499998, 38.896091077500003 ], [ -78.161791311599998, 38.896087892399997 ], [ -78.161794832, 38.896084791 ], [ -78.161799022899999, 38.896081857399999 ], [ -78.161805393199998, 38.896079175200001 ], [ -78.1618086621, 38.896077666399997 ], [ -78.161811092899995, 38.8960740622 ], [ -78.161814278, 38.896068530199997 ], [ -78.161819977700006, 38.896058974799999 ], [ -78.161820648200006, 38.896049670899998 ], [ -78.161820732099997, 38.896042797699998 ], [ -78.161820480599999, 38.896041959500003 ], [ -78.161817882199998, 38.896045647599998 ] ] ] } },
{ "type": "Feature", "properties": { "name": "grassland_b_fence_cam_path" }, "geometry": { "type": "MultiLineString", "coordinates": [ [ [ -78.166826153200006, 38.896379163500001 ], [ -78.166826069400003, 38.896379163500001 ], [ -78.166825985499997, 38.896379163500001 ], [ -78.166825985499997, 38.896379247299997 ], [ -78.166820369700005, 38.896378241500003 ], [ -78.166817938899996, 38.896378409100002 ], [ -78.166814586100003, 38.896378325299999 ], [ -78.166813161199997, 38.896376816599997 ], [ -78.166810981899999, 38.896377654699997 ], [ -78.166809808500005, 38.896377403300001 ], [ -78.166804527899998, 38.896375224 ], [ -78.166797403199993, 38.896373128500002 ], [ -78.166794637199999, 38.896371703600003 ], [ -78.166794134300005, 38.8963717874 ], [ -78.166794385800003, 38.89637338 ], [ -78.166792960799995, 38.896373715300001 ], [ -78.166792038799997, 38.896374637299999 ], [ -78.166791619700007, 38.896375726899997 ], [ -78.166794804899993, 38.8963753078 ], [ -78.166795307800001, 38.8963716198 ], [ -78.166792541700005, 38.896368602300001 ], [ -78.166791368299997, 38.896367764099999 ], [ -78.166787177299994, 38.896367428799998 ], [ -78.166785668599999, 38.896369189 ], [ -78.166781980500005, 38.896372122700001 ], [ -78.166777119, 38.896374553400001 ], [ -78.166774017700007, 38.896377068 ], [ -78.166771587, 38.8963810913 ], [ -78.166769743, 38.896386120499997 ], [ -78.1667645462, 38.896389305600003 ], [ -78.166759265600007, 38.896392993600003 ] ], [ [ -78.166738059400004, 38.896399783 ], [ -78.166737472600005, 38.896398106600003 ], [ -78.1667370535, 38.896399866800003 ], [ -78.166734706599996, 38.896401878399999 ], [ -78.166731437699994, 38.896403387200003 ], [ -78.16672666, 38.896406153199997 ], [ -78.166723139599995, 38.896409422200001 ], [ -78.166721044100001, 38.896412355800003 ], [ -78.166721127900004, 38.896414618900003 ], [ -78.166720289699995, 38.896416379100003 ], [ -78.166720289699995, 38.896417301100001 ], [ -78.166721044100001, 38.896417301100001 ], [ -78.166721127900004, 38.896417217299998 ], [ -78.166721463200005, 38.896416798200001 ], [ -78.166721630799998, 38.896416630600001 ], [ -78.166721547, 38.896416798200001 ], [ -78.166721798500006, 38.896418977499998 ], [ -78.166721379400002, 38.8964214083 ], [ -78.166721630799998, 38.896424593399999 ], [ -78.166722720500005, 38.896427946199999 ], [ -78.166722049900002, 38.896430544600001 ], [ -78.166722636700001, 38.896432891499998 ], [ -78.166723642500003, 38.8964356575 ], [ -78.166723894, 38.896439513200001 ], [ -78.166724732099993, 38.896442614500003 ], [ -78.166726408499997, 38.896444207099997 ], [ -78.166727162900003, 38.896445632 ], [ -78.166725905600003, 38.896446134900003 ], [ -78.166725235100003, 38.896446637799997 ], [ -78.166725402699996, 38.896446554 ], [ -78.166725235100003, 38.896446973099998 ] ], [ [ -78.166725738, 38.896447056900001 ], [ -78.166725654199993, 38.896447140699998 ], [ -78.1667242292, 38.896447140699998 ], [ -78.166722720500005, 38.896447392200002 ], [ -78.166721882299996, 38.896448314200001 ], [ -78.166720960299998, 38.89644932 ], [ -78.166720122100003, 38.896450158199997 ], [ -78.166718278100007, 38.896449403799998 ], [ -78.166717356099994, 38.896448817100001 ], [ -78.166719870600005, 38.896450158199997 ], [ -78.166721798500006, 38.896450996399999 ], [ -78.166723977800004, 38.8964513317 ], [ -78.166725905600003, 38.896451583100003 ], [ -78.166726576200006, 38.896452840400002 ], [ -78.1667242292, 38.896452169900002 ], [ -78.166722049900002, 38.896455774099998 ], [ -78.166718026599995, 38.896457869599999 ], [ -78.166713835699994, 38.896462228099999 ], [ -78.166708136, 38.896466670599999 ], [ -78.166703861200006, 38.896469939500001 ], [ -78.166696066, 38.896473040799997 ], [ -78.166690031100003, 38.896475052500001 ], [ -78.166685421, 38.896476309699999 ], [ -78.166680140400004, 38.896477734699999 ], [ -78.166677542, 38.896478153799997 ], [ -78.166676452399997, 38.896478321399997 ], [ -78.166675362700005, 38.896478656699998 ], [ -78.166673602499998, 38.896479327199998 ], [ -78.166672764300003, 38.896479662499999 ], [ -78.166668992499993, 38.896480836 ], [ -78.166666561699998, 38.896478992 ] ], [ [ -78.166663628099997, 38.896478321399997 ], [ -78.166660610600005, 38.896477650900003 ], [ -78.166656838700007, 38.896475890700003 ], [ -78.166655246199994, 38.896472118799998 ], [ -78.166652731599996, 38.896467005799998 ], [ -78.166648540599994, 38.896462144300003 ], [ -78.166645104099999, 38.896458037199999 ], [ -78.166642170399996, 38.896453594800001 ], [ -78.166639152900004, 38.896449403799998 ], [ -78.166636386899995, 38.896445548199999 ], [ -78.166633704700004, 38.896441692499998 ], [ -78.166629094599998, 38.896438591200003 ], [ -78.166625490399994, 38.8964354899 ], [ -78.166627753499995, 38.896434567900002 ], [ -78.166627502099999, 38.896432975300002 ], [ -78.166627585900002, 38.896434065 ], [ -78.166627166799998, 38.896433981100003 ], [ -78.166627585900002, 38.896433645899997 ], [ -78.166627334400005, 38.896433645899997 ], [ -78.166626831499997, 38.896433226799999 ], [ -78.166625239, 38.896432807700002 ], [ -78.166621550900004, 38.896431215100002 ], [ -78.166619204, 38.896429287300002 ], [ -78.166616521799995, 38.896427527100002 ], [ -78.166614593899993, 38.896426353599999 ], [ -78.166617192299995, 38.896421492100004 ], [ -78.1666156836, 38.896416882099999 ], [ -78.166612498500001, 38.896413445500002 ], [ -78.166607888399994, 38.896411769099998 ], [ -78.16660529, 38.896410260300001 ] ], [ [ -78.166606798800004, 38.8964110147 ], [ -78.166606714899999, 38.8964110147 ], [ -78.166606463500003, 38.8964108471 ], [ -78.166603865100001, 38.896407662 ], [ -78.166600596199999, 38.896404225399998 ], [ -78.166599590299995, 38.8964020461 ], [ -78.166601350500002, 38.896402968099999 ], [ -78.166601602, 38.896402632799997 ], [ -78.166601853399996, 38.896402716600001 ], [ -78.166603865100001, 38.896403722499997 ], [ -78.166606128200002, 38.896404728299999 ], [ -78.166605457700001, 38.896404895899998 ], [ -78.166604954700006, 38.896405315 ], [ -78.166604535700003, 38.896405147400003 ], [ -78.166604703299996, 38.896405315 ], [ -78.166604787099999, 38.896405231199999 ], [ -78.166604787099999, 38.896405147400003 ], [ -78.166604200400002, 38.896405398799999 ], [ -78.166600847599994, 38.896406320899999 ], [ -78.1665945612, 38.896405315 ], [ -78.166588777699999, 38.896404141600001 ], [ -78.166582575099994, 38.896404812100002 ], [ -78.166576540099996, 38.896404560699999 ], [ -78.166566398, 38.896402297500003 ], [ -78.166561368900005, 38.8964015432 ], [ -78.166554998600006, 38.8963986933 ], [ -78.166551394400003, 38.896396597799999 ], [ -78.166551059100001, 38.896396514 ], [ -78.166552232599997, 38.896396849299997 ], [ -78.166555250100004, 38.896397939 ], [ -78.166556255900005, 38.896398609499997 ] ], [ [ -78.166553825099996, 38.8964002859 ], [ -78.166553406, 38.896400118199999 ], [ -78.166551645799998, 38.8963985257 ], [ -78.1665465329, 38.896394334699998 ], [ -78.166542425800003, 38.896390311399998 ], [ -78.166542090500002, 38.896385952800003 ], [ -78.166540581700005, 38.896382516300001 ], [ -78.166537815699996, 38.896380085499999 ], [ -78.166534462900003, 38.896378409100002 ], [ -78.166531110199998, 38.896375391600003 ], [ -78.166528008900002, 38.896370278699997 ], [ -78.166525159, 38.896364411299999 ], [ -78.166523566500004, 38.896359214599997 ], [ -78.166520716600004, 38.8963541854 ], [ -78.166516441900001, 38.896350078300003 ], [ -78.166509904, 38.896347647500001 ], [ -78.166501941199996, 38.896346222600002 ], [ -78.166494900399996, 38.896346055 ], [ -78.1664886139, 38.896346809299999 ], [ -78.166481321700005, 38.896346641699999 ], [ -78.166475202900003, 38.896344881499999 ], [ -78.166467156300001, 38.896340858199999 ], [ -78.166460199300005, 38.896336751100002 ], [ -78.166453158500005, 38.896333398300001 ], [ -78.166446201499994, 38.896331386599996 ], [ -78.166437903399995, 38.896330213200002 ], [ -78.166431952300002, 38.896328453 ], [ -78.166429437700003, 38.896326692800002 ], [ -78.166425330600006, 38.896325603100003 ], [ -78.166421894, 38.8963235915 ] ], [ [ -78.166412003299996, 38.896313365499999 ], [ -78.166409824, 38.896311605299999 ], [ -78.166407896199999, 38.896309342199999 ], [ -78.166404627299997, 38.896306408599997 ], [ -78.166399346700004, 38.896303223399997 ], [ -78.166394401299996, 38.896299703 ], [ -78.166389707500002, 38.896295847399998 ], [ -78.16638669, 38.896294338600001 ], [ -78.166384426899995, 38.896294087199998 ] ] ] } }
]
}
